finger,q_deg,curl_progress,h_x_mm,h_y_mm,hand_mcp_x_mm,hand_mcp_y_mm,hand_pip_x_mm,hand_pip_y_mm,hand_dip_x_mm,hand_dip_y_mm,hand_tip_x_mm,hand_tip_y_mm,distal_start_x_mm,distal_start_y_mm,distal_end_x_mm,distal_end_y_mm,r4_x_mm,r4_y_mm,rod_length_mm,rod_error_mm,perpendicular_deviation_deg,mechanism_residual_mm
middle,0.0,0.0,96.932098,10.514118,0.0,-2.0,49.0,-2.0,76.0,-2.0,103.0,-2.0,76.0,-2.0,103.0,-2.0,89.5,-2.0,28.0,13.445302133004343,30.705952228880232,1.0075033500811514e-06
middle,0.5,0.007633587786259542,96.96557307365543,9.407318575703622,0.0,-2.0,48.999404638431415,-2.2415472609362204,75.99618020625371,-2.658810895384777,102.99128010729812,-3.173185595999241,75.99618020625371,-2.658810895384777,102.99128010729812,-3.173185595999241,89.49373015677591,-2.915998245692009,28.0,13.588456916241924,30.13756429501541,1.3495146333752928e-08
middle,1.0,0.015267175572519083,96.98537435857926,8.299321161569498,0.0,-2.0,48.99761856819323,-2.4830886521599442,75.98472160962781,-3.317516258961539,102.96512299239579,-4.3460789574546705,75.98472160962781,-3.3175162589615383,102.96512299239579,-4.34607895745467,89.4749223010118,-3.8317976082081042,28.0,13.73217140853347,29.578704602248703,1.355390111257293e-08
middle,1.5,0.022900763358778626,96.99146090768079,7.190322661432497,0.0,-2.0,48.994641832687805,-2.724618304101312,75.9656265637769,-3.976010582868882,102.9215363440731,-5.518387941536633,75.9656265637769,-3.976010582868882,102.9215363440731,-5.518387941536633,89.44358145392499,-4.7471992622027575,28.0,13.876441173496628,29.029618939914286,1.3615867544558569e-08
middle,2.0,0.030534351145038167,96.9837948683872,6.0805200420341246,0.0,-2.0,48.990474504251196,-2.9661303474757355,75.93889899084434,-4.634188407132942,102.86053297419755,-6.689820588813509,75.93889899084434,-4.634188407132942,102.86053297419755,-6.689820588813509,89.39971598252095,-5.662004497973225,28.0,14.021261318712721,28.490566896369295,1.3681393795650365e-08
middle,2.5,0.03816793893129771,96.96234155506866,4.970111109580549,0.0,-2.0,48.98511668415147,-3.2076189134265207,75.90454438054103,-5.29194434359693,102.7821308135761,-7.860085214875014,75.90454438054103,-5.29194434359693,102.7821308135761,-7.860085214875015,89.34333759705856,-6.576014779235972,28.0,14.166625706192553,27.96182109525318,1.3750785399224696e-08
middle,3.0,0.04580152671755725,96.9270694623122,3.859294427920463,0.0,-2.0,48.97856850258618,-3.449078133667488,75.86256978885588,-5.949173099833629,102.68635290614989,-9.028890501864701,75.86256978885588,-5.949173099833629,102.68635290614989,-9.028890501864701,89.27446134750289,-7.489031800849165,28.0,14.31252692592873,27.443668010724092,1.3824354994085297e-08
middle,3.5,0.05343511450381679,96.87795027488391,2.748269236735056,0.0,-2.0,48.970830118679224,-3.6905021406255702,75.81298383639847,-6.605769503035132,102.57322740153379,-10.195945589891398,75.81298383639847,-6.605769503035131,102.57322740153379,-10.195945589891396,89.19310561896613,-8.400857546463264,28.0,14.4589562657298,26.93640882834434,1.3902443640745332e-08
middle,4.0,0.061068702290076333,96.81495887438535,1.6372353698741104,0.0,-2.0,48.961901720476995,-3.9318850675834027,75.75579670637423,-7.2616285238741645,102.44278754590306,-11.36096016828943,75.75579670637423,-7.2616285238741645,102.44278754590306,-11.36096016828943,89.09929212613864,-9.311294346081798,28.0,14.60590367694895,26.440360354674176,1.3985385294290609e-08
middle,4.5,0.06870229007633588,96.7380733426146,0.526393173969248,0.0,-2.0,48.95178352494378,-4.1732210488218815,75.69102014219243,-7.916645300331328,102.29507167123029,-12.523644566697488,75.69102014219243,-7.916645300331329,102.29507167123029,-12.52364456669749,88.99304590671136,-10.220144933514408,28.0,14.753357735694214,25.955855978793796,1.4073528120661649e-08
middle,5.0,0.07633587786259542,96.6472749616471,-0.5840565725444858,0.0,-2.0,48.940475777956514,-4.414504219762707,75.618667444708,-8.570715161482587,102.13012318287622,-13.68370984592605,75.618667444708,-8.570715161482587,102.13012318287622,-13.68370984592605,88.8743953137921,-11.127212503704317,28.0,14.90130559907633,25.483246689119696,1.4167198969516903e-08
middle,5.5,0.08396946564885496,96.54254821065615,-1.6939127398692533,0.0,-2.0,48.92797875429878,-4.655728717110895,75.53875346909729,-9.223733651241371,101.94799054553856,-14.840867888583377,75.53875346909729,-9.223733651241371,101.94799054553856,-14.840867888583377,88.74337200731793,-12.032300769912375,28.0,15.049732956017621,25.022902149026105,1.4266795744788396e-08
middle,6.0,0.0916030534351145,96.42388075949677,-2.8029739266184945,0.0,-2.0,48.91429275765415,-4.896888678997255,75.45129462136902,-9.875596552049622,101.74872726756361,-15.994831489430187,75.45129462136902,-9.875596552049624,101.74872726756361,-15.994831489430187,88.6000109444663,-12.935214020739906,28.0,15.198623972108848,24.575211834904607,1.4372652401561936e-08
middle,6.5,0.09923664122137404,96.29126345908182,-3.91103853879845,0.0,-2.0,48.899418120598824,-5.137978245120844,75.35630885451086,-10.526199908512194,101.53239188362585,-17.145314445433115,75.35630885451086,-10.526199908512194,101.53239188362585,-17.145314445433115,88.44435036906836,-13.835757176972654,28.0,15.347961227962228,24.140586240405423,1.448518816005162e-08
middle,7.0,0.10687022900763359,96.14469032858239,-5.017904867871535,0.0,-2.0,48.883355204593485,-5.378991556891362,75.25381566427271,-11.175440050968948,101.29904793578126,-18.29203164548732,75.25381566427271,-11.175440050968948,101.29904793578126,-18.29203164548732,88.27643180002698,-14.733735848228134,28.0,15.497725650464956,23.719458150676672,1.460475829162533e-08
middle,7.5,0.11450381679389313,95.98415853948939,-6.123371167778926,0.0,-2.0,48.86610439997459,-5.619922757571533,75.1438360845879,-11.82321361899901,101.04876395290098,-19.434699159778557,75.1438360845879,-11.82321361899901,101.04876395290098,-19.434699159778557,88.09630001874444,-15.628956389388783,28.0,15.64789643629166,23.31228399045667,1.4731817543633952e-08
middle,8.0,0.12213740458015267,95.80966839657577,-7.227235730801649,0.0,-2.0,48.847666125944826,-5.860765992419413,75.02639268263289,-12.469417584851499,100.78161342849182,-20.573034328755263,75.02639268263289,-12.469417584851499,100.78161342849182,-20.573034328755263,87.90400305556236,-16.52122595680338,28.0,15.798450966983065,22.919545249864562,1.486673539830008e-08
middle,8.5,0.1297709923664122,95.62122331580369,-8.329296962141184,0.0,-2.0,48.82804083056297,-6.101515408830674,74.9015095535272,-13.113949276797307,100.49767479691141,-21.706755851681343,74.9015095535272,-13.113949276797307,100.49767479691141,-21.706755851681343,87.69959217521931,-17.410352564239325,28.0,15.949364714842863,22.541749991652583,1.5009987919256673e-08
middle,9.0,0.13740458015267176,95.41882979922269,-9.429353453104516,0.0,-2.0,48.80722899073296,-6.342165156480818,74.7692123146745,-13.756706402396226,100.19703140798573,-22.835583874740298,74.7692123146745,-13.756706402396226,100.19703140798573,-22.835583874740298,87.48312186133012,-18.296145138568264,28.0,16.10061113884666,22.17943444352684,1.516200143214519e-08
middle,9.5,0.1450381679389313,95.20249740690917,-10.527204052779696,0.0,-2.0,48.785231112192335,-6.582709387467344,74.62952809974625,-14.397587071674025,99.87977150003769,-23.95924007866182,74.62952809974625,-14.397587071674025,99.87977150003769,-23.95924007866182,87.25464979989198,-19.178413575167923,28.0,16.25216156969165,21.833164678871885,1.5323223578889156e-08
middle,10.0,0.15267175572519084,94.97223872599955,-11.6226479380907,0.0,-2.0,48.76204772949992,-6.82314225645186,74.4824855523094,-15.036489820203904,99.54598817133554,-25.077447765841846,74.4824855523094,-15.036489820203904,99.54598817133554,-25.077447765841846,87.01423686182247,-20.056968793022875,28.0,16.403985083047296,21.50353838881522,1.5494180161113036e-08
middle,10.5,0.16030534351145037,94.72806933687167,-12.71548468212545,0.0,-2.0,48.73767940602288,-7.063457920802117,74.32811481909972,-15.673313632086842,99.19577934997116,-26.189931946927334,74.32811481909972,-15.673313632086842,99.19577934997116,-26.189931946927334,86.76194708453545,-20.931622789507088,28.0,16.556048359996666,21.191186748005695,1.5675389875013934e-08
middle,11.0,0.16793893129770993,94.4700077765319,-13.805514320629676,0.0,-2.0,48.712126733922965,-7.303650540734001,74.1664475429422,-16.307957962825416,98.82924776217777,-27.296419426837282,74.1664475429422,-16.307957962825416,98.82924776217777,-27.296419426837282,86.49784765255998,-21.80218869483135,28.0,16.708315533576858,20.896776375701606,1.5867314573370095e-08
middle,11.5,0.17557251908396945,94.19807549926682,-14.892537416566247,0.0,-2.0,48.68539033414218,-7.543714279453428,73.99751685532021,-16.940322762085625,98.44650089909797,-28.396638890191575,73.99751685532021,-16.940322762085625,98.44650089909797,-28.396638890191575,86.22200887720909,-22.668480826138598,28.0,16.860748020249517,20.621011392748475,1.607057242836163e-08
middle,12.0,0.183206106870229,93.91229683461947,-15.976355122639719,0.0,-2.0,48.657470856387654,-7.783643303298195,73.82135736859553,-17.570308496341347,98.04765098201338,-29.490320986119585,73.82135736859553,-17.570308496341347,98.04765098201338,-29.490320986119585,85.93450417530445,-23.530314741230466,28.0,17.013304335045945,20.364635573683493,1.628571766332243e-08
middle,12.5,0.19083969465648856,93.61269894275216,-17.056769241690255,0.0,-2.0,48.6283689791159,-8.02343178187973,73.63800516788058,-18.197816171395992,97.6328149260472,-30.57719841242045,73.63800516788058,-18.197816171395992,97.6328149260472,-30.57719841242045,85.6354100469639,-24.38750729190822,28.0,17.165939889045276,20.128434591497292,1.6513318712441105e-08
middle,13.0,0.1984732824427481,93.29931176725853,-18.13358228486253,0.0,-2.0,48.59808540951626,-8.263073888224778,73.44749780256515,-18.822747354776084,97.20211430235197,-31.6570059990475,73.44749780256515,-18.822747354776084,97.20211430235197,-31.6570059990475,85.32480605245857,-25.23987667691179,28.0,17.31860676775506,19.91323835040209,1.6754057696743985e-08
middle,13.5,0.20610687022900764,92.97216798548709,-19.206597527459902,0.0,-2.0,48.566620883493776,-8.502563798917002,73.2498742774997,-19.44500419799138,96.75567529879552,-32.72948079088912,73.2498742774997,-19.44500419799138,96.75567529879552,-32.72948079088912,85.0027747881476,-26.08724249444025,28.0,17.471253488879462,19.719923399225138,1.700858121012061e-08
middle,14.0,0.21374045801526717,92.63130295644049,-20.275619062395002,0.0,-2.0,48.5339761656513,-8.741895694238481,73.0451750438369,-20.064489458656276,96.29362867915768,-33.79436212981897,73.0451750438369,-20.064489458656276,96.29362867915768,-33.79436212981897,84.66940186149729,-26.929425794237623,28.0,17.623824737873214,19.549415414640386,1.7277564268169954e-08
middle,14.5,0.22137404580152673,92.27675466631314,-21.34045185115124,0.0,-2.0,48.50015204927088,-8.981063758311159,72.83344198953417,-20.681106522467253,95.81610974085191,-34.85139173598851,72.83344198953417,-20.681106522467253,95.81610974085191,-34.85139173598851,84.32477586519303,-27.76624912922788,28.0,17.776261079604943,19.402691739230473,1.7561774257046636e-08
middle,15.0,0.22900763358778625,91.90856367172955,-22.40090177217268,0.0,-2.0,48.46514935629452,-9.22006217923814,72.61471842951899,-21.294759425031103,95.32325827118595,-35.90031378833497,72.61471842951899,-21.294759425031103,95.32325827118595,-35.90031378833497,83.96898835035248,-28.597536606683036,28.0,17.928498644388362,19.280783954193495,1.7861964352050563e-08
middle,15.5,0.2366412213740458,91.52677304074581,-23.45677566660118,0.0,-2.0,48.428968937304184,-9.458885149244944,72.38904909551965,-21.90535287353882,94.81521850217572,-36.940875004278524,72.38904909551965,-21.90535287353882,94.81521850217572,-36.940875004278524,83.60213379884769,-29.42311393890867,28.0,18.080468786589122,19.18478046017737,1.817895167732786e-08
middle,16.0,0.24427480916030533,91.13142829167441,-24.50788138128144,0.0,-2.0,48.39161167150113,-9.697526864820635,72.15648012556372,-22.512792268279945,94.29213906392835,-37.972824718582174,72.15648012556372,-22.512792268279945,94.29213906392835,-37.972824718582174,83.22430959474603,-30.24280849343106,28.0,18.23209771399288,19.11582903202702,1.8513553357024648e-08
middle,16.5,0.25190839694656486,90.72257732979133,-25.554027808958836,0.0,-2.0,48.35307846668457,-9.935981526858836,71.91705905314669,-23.116983723992266,93.75417293660912,-38.995914961348646,71.91705905314669,-23.116983723992266,93.75417293660912,-38.995914961348646,82.83561599487791,-31.056449342670454,28.0,18.383306086129565,19.075139303955325,1.8866735729261563e-08
middle,17.0,0.2595419847328244,90.30027038198278,-26.59502492559262,0.0,-2.0,48.31337025922957,-10.174243340798666,71.6708347960736,-23.717834091041862,93.20147740100913,-40.00990053512854,71.6708347960736,-23.717834091041862,93.20147740100913,-40.00990053512854,82.43615609854137,-31.8638673130852,28.0,18.534008579801814,19.063985130476517,1.923942960502245e-08
middle,17.5,0.26717557251908397,89.86455992938588,-27.630683824712396,0.0,-2.0,48.27248801406433,-10.412306516765543,71.41785764497605,-24.31525097642837,92.63421398772974,-41.014539091114436,71.41785764497605,-24.31525097642837,92.63421398772974,-41.014539091114436,82.0260358163529,-32.6648950337714,28.0,18.68411342018299,19.08370675514681,1.9632622638710018e-08
middle,18.0,0.2748091603053435,89.41550063807583,-28.66081674874391,0.0,-2.0,48.23043272464669,-10.650165269711882,71.15817925150736,-24.909142764610593,92.05254842500094,-42.00959120439606,71.15817925150736,-24.909142764610593,92.05254842500094,-42.00959120439606,81.60536383825415,-33.459366984503326,28.0,18.83352187604009,19.13571270335792,2.004738774985526e-08
middle,18.5,0.2824427480916031,88.9531492878483,-29.68523711723201,0.0,-2.0,48.18720541294006,-10.887813819557671,70.89185261621907,-25.4994186381474,91.45665058515144,-42.99482044825153,70.89185261621907,-25.4994186381474,91.45665058515144,-42.99482044825153,81.17425160068525,-34.24711954319947,28.0,18.982127717931384,19.221481296841247,2.0484897333972185e-08
middle,19.0,0.2900763358778626,88.47756469914202,-30.703759551889462,0.0,-2.0,48.14280712938852,-11.125246391330927,70.618932076121,-26.08598859814908,90.84669442974776,-43.969993467450585,70.618932076121,-26.08598859814908,90.84669442974776,-43.969993467450585,80.73281325293438,-35.02799103279983,28.0,19.129816638646545,19.34256166582038,2.0946288259438006e-08
middle,19.5,0.29770992366412213,87.9888076581444,-31.716199898398266,0.0,-2.0,48.09723895289132,-11.362457215308057,70.33947329192848,-26.668763484534338,90.22285795342125,-44.93488005054567,70.33947329192848,-26.668763484534338,90.22285795342125,-44.93488005054567,80.28116562267488,-35.801821767540005,28.0,19.276465635733075,19.500574109583944,2.143290345202331e-08
middle,20.0,0.3053435114503817,87.48694084011572,-32.722375244892106,0.0,-2.0,48.050501990776674,-11.599440527154023,70.05353323499952,-27.247654996087963,89.58532312640176,-45.889253201127076,70.05353323499952,-27.247654996087963,89.58532312640176,-45.889253201127076,79.81942818070064,-36.56845409860752,28.0,19.42194235672857,19.697209627424307,2.1946036099507182e-08
middle,20.5,0.31297709923664124,86.9720287309664,-33.722103937044885,0.0,-2.0,48.00259737877482,-11.836190568062445,69.76117017396474,-27.822575710314624,88.93427583577662,-46.8328892080189,69.76117017396474,-27.822575710314624,88.93427583577662,-46.8328892080189,79.34772300487069,-37.32773245916676,28.0,19.566104408725785,19.934228409236926,2.2487121498215856e-08
middle,21.0,0.32061068702290074,86.44413754711314,-34.71520558969071,0.0,-2.0,47.95352628099046,-12.07270158489554,69.462443661054,-28.39343910308388,88.26990582549558,-47.765567714392915,69.462443661054,-28.39343910308388,88.26990582549558,-47.765567714392915,78.8661747432748,-38.0795034087384,28.0,19.70879863520331,20.213457038666867,2.3057758369304793e-08
middle,21.5,0.3282442748091603,85.90333515363682,-35.70150109489689,0.0,-2.0,47.903289889874436,-12.308967830323926,69.15741451812212,-28.960159568061954,87.59240663514089,-48.687071785777526,69.15741451812212,-28.960159568061954,87.59240663514089,-48.687071785777526,78.3749105766315,-38.823615676919744,28.0,19.849860364696973,20.536784121826425,2.365948859051059e-08
middle,22.0,0.33587786259541985,85.34969098075752,-36.68081262641034,0.0,-2.0,47.851889426194774,-12.544983562966273,68.8461448223777,-29.522652435925373,86.90197553748334,-49.59718797693971,68.8461448223777,-29.522652435925373,86.90197553748334,-49.59718797693971,77.87406017993052,-39.55992020643254,28.0,19.989112637939883,20.90615401200667,2.4294088518672652e-08
middle,22.5,0.3435114503816794,84.78327593863645,-37.65296364039158,0.0,-2.0,47.79932613900701,-12.780743047528834,68.52869789181803,-30.080833993352233,86.19881347484541,-50.49570639761802,68.52869789181803,-30.080833993352233,86.19881347484541,-50.49570639761802,77.36375568333172,-40.288270195485126,28.0,20.126365422614775,21.323558256680972,2.4963370037767163e-08
middle,23.0,0.3511450381679389,84.20416233050645,-38.617778872349994,0.0,-2.0,47.74560130562384,-13.016240554944812,68.20513827037382,-30.634621501786363,85.48312499429231,-51.382420777085336,68.20513827037382,-30.634621501786363,85.48312499429231,-51.382420777085336,76.84413163233307,-41.00852113943585,28.0,20.261414827910386,21.791024349488236,2.5669322667454253e-08
middle,23.5,0.35877862595419846,83.61242376412639,-39.575084330185035,0.0,-2.0,47.69071623158409,-13.251470362513578,67.87553171276708,-31.183933215970022,84.75511818167291,-52.25712852751998,67.87553171276708,-31.183933215970022,84.75511818167291,-52.25712852751998,76.31532494722,-41.720530871745,28.0,20.39404233469656,22.310601329623992,2.641405671965913e-08
middle,24.0,0.366412213740458,83.00813506154614,-40.52470728323472,0.0,-2.0,47.63467225062097,-13.486426754039737,67.53994516908598,-31.728688402240692,84.01500459453271,-53.11963080616481,67.53994516908598,-31.728688402240692,84.01500459453271,-53.11963080616481,75.77747488180935,-42.42415960420275,28.0,20.52401406137879,22.884341738346663,2.719979619314472e-08
middle,24.5,0.37404580152671757,82.39137216716014,-41.4664762472246,0.0,-2.0,47.57747072462969,-13.721104019972032,67.1984467690801,-32.26880735658767,83.26299919392078,-53.969732576253904,67.1984467690801,-32.26880735658767,83.26299919392078,-53.969732576253904,75.23072298150043,-43.11926996642079,28.0,20.651080090359983,23.514279422622725,2.8028942722357897e-08
middle,25.0,0.3816793893129771,81.76221205401833,-42.40022096500331,0.0,-2.0,47.519113043634334,-13.955496457542084,66.8511058061801,-32.804211422464185,82.49932027511404,-54.807242666687024,66.8511058061801,-32.804211422464185,82.49932027511404,-54.807242666687024,74.67521304064707,-43.805727044575605,28.0,20.77497388549771,24.202402676503937,2.8904054261147394e-08
middle,25.5,0.3893129770992366,81.12073262835386,-43.32577238294025,0.0,-2.0,47.459600625754106,-14.189598370902988,66.4979927212454,-33.33482300835071,81.72418939728179,-55.63197383043241,66.4979927212454,-33.33482300835071,81.72418939728179,-55.6319738304324,74.1110910592636,-44.483398419391555,28.0,20.895411836891025,24.95062224062232,2.982785929361853e-08
middle,26.0,0.3969465648854962,80.46701263227581,-44.2429626228524,0.0,-2.0,47.39893491716885,-14.423404071267706,66.13917908604384,-33.86056560506546,80.9378313121138,-56.443742801638905,66.13917908604384,-33.86056560506546,80.9378313121138,-56.443742801638905,73.53850519907883,-45.15215420335218,28.0,21.012092975581492,25.760733749957105,3.08033420992615e-08
middle,26.5,0.40458015267175573,79.80113154456345,-45.151624949314936,0.0,-2.0,47.337117392083954,-14.656907877047328,65.77473758646738,-34.38136380281787,80.1404738914363,-57.242370351439,65.77473758646738,-34.38136380281787,80.1404738914363,-57.242370351439,72.95760573895184,-45.81186707712844,28.0,21.12469890699966,26.63437434191643,3.183367169867779e-08
middle,27.0,0.4122137404580153,79.12316947948847,-46.05159373219588,0.0,-2.0,47.27414955269445,-14.890104113989105,65.4047420054874,-34.89714330800097,79.33234805383941,-58.0276813424244,65.4047420054874,-34.89714330800097,79.33234805383941,-58.0276813424244,72.36854502966341,-46.46241232521268,28.0,21.23289401778406,27.572973323678333,3.292217343187076e-08
middle,27.5,0.4198473282442748,78.43320708357595,-46.942704404243216,0.0,-2.0,47.210032929148575,-15.122987115314372,65.02926720585435,-35.40783095971884,78.51368769034119,-58.799504781776804,65.02926720585435,-35.40783095971884,78.51368769034119,-58.799504781776804,71.77147744809777,-47.10366787074782,28.0,21.33632601534578,28.577697062000166,3.407254212106636e-08
middle,28.0,0.42748091603053434,77.7313254302025,-47.82479341353383,0.0,-2.0,47.14476907951056,-15.35555122185623,64.64838911254517,-35.91335474604503,77.68472958911256,-59.557673873036414,64.64838911254517,-35.91335474604503,77.68472958911256,-59.557673873036414,71.16655935082886,-47.73551430954072,28.0,21.434626862446844,29.649388610047797,3.5288664435029204e-08
middle,28.5,0.4351145038167939,77.01760591191567,-48.697698170576,0.0,-2.0,47.07835958972275,-15.58779078219708,64.26218469496317,-36.413643820008254,76.8457133592886,-60.30202606649159,64.26218469496317,-36.413643820008254,76.8457133592886,-60.30202606649159,70.55394902712588,-48.35783494324993,28.0,21.527414169160917,30.78850302869566,3.657476810303706e-08
middle,29.0,0.44274809160305345,76.29213013034018,-49.56125698983839,0.0,-2.0,47.01080607356712,-15.819700152805943,63.87073194889443,-36.90862851530148,75.99688135389154,-61.032403108173305,63.87073194889443,-36.90862851530148,75.99688135389154,-61.032403108173305,69.93380665139298,-48.97051581173739,28.0,21.614293100804314,31.9950398898714,3.793540059859879e-08
middle,29.5,0.45038167938931295,75.55497978352275,-50.41530902545248,0.0,-2.0,46.94211017262601,-16.051273698175606,63.47410987822494,-37.39824036171066,75.13847859189116,-61.74865108743857,63.47410987822494,-37.39824036171066,75.13847859189116,-61.74865108743857,69.30629423505805,-49.57344572457461,28.0,21.694858851623014,33.26847504965993,3.9375429139454354e-08
middle,30.0,0.4580152671755725,74.80623655054515,-51.259694200813364,0.0,-2.0,46.87227355624225,-16.282505790959583,63.072398476422975,-37.882412100259614,74.27075267942857,-62.45062048312764,63.072398476422975,-37.882412100259614,74.27075267942857,-62.45062048312764,68.67157557792578,-50.166516291693625,28.0,21.768699719162406,34.60769441548746,4.090018279612195e-08
middle,30.5,0.46564885496183206,74.0459819732178,-52.094253131772916,0.0,-2.0,46.80129792147858,-16.513390812108817,62.66567870779107,-38.36107769806722,73.39395373022978,-63.13816620827999,62.66567870779107,-38.36107769806722,73.39395373022978,-63.13816620827999,68.02981621901043,-50.7496219531736,28.0,21.83540079254466,36.010933051627674,4.251531038335088e-08
middle,31.0,0.4732824427480916,73.27429733464322,-52.91882704308962,0.0,-2.0,46.72918499307646,-16.743923151008282,62.25403248849207,-38.83417236291369,72.50833428523553,-63.8111476533948,62.25403248849207,-38.83417236291369,72.50833428523553,-63.8111476533948,67.3811833868638,-51.322660008154244,28.0,21.894548239079533,37.47572349787281,4.422704336093375e-08
middle,31.5,0.48091603053435117,72.49126353441466,-53.73325767776361,0.0,-2.0,46.655936523414084,-16.97409720561329,61.83754266735369,-39.30163255751219,71.61414923147416,-64.46942872822203,61.83754266735369,-39.301632557512185,71.61414923147416,-64.46942872822201,66.72584594941392,-51.885530642867096,28.0,21.94573413823582,38.99885752834285,4.604205372515935e-08
middle,32.0,0.48854961832061067,71.69696096019054,-54.53738719884732,0.0,-2.0,46.58155429246386,-17.20390738258562,61.41629300645637,-39.76339601348264,70.71165572020466,-65.11287790207078,61.41629300645637,-39.76339601348264,70.71165572020466,-65.11287790207078,66.06397436333052,-52.438136957776706,28.0,21.988561771502624,40.57636565406232,4.796758901193243e-08
middle,32.5,0.4961832061068702,70.89146935535847,-55.331058083276744,0.0,-2.0,46.50604010774912,-17.43334809742947,60.990368161508805,-40.219401745024314,69.8011130843571,-65.74136824262209,60.990368161508805,-40.219401745024314,69.8011130843571,-65.74136824262209,65.39574062293295,-52.9803849938232,28.0,22.022651233708338,42.20351838303533,5.001152203476522e-08
middle,33.0,0.5038167938931297,70.07486768246885,-56.1141130072238,0.0,-2.0,46.42939580430022,-17.66241377462712,60.55985366201605,-40.669590062283916,68.88278275529811,-66.35477745323357,60.55985366201605,-40.669590062283916,68.88278275529811,-66.35477745323357,64.72131820865708,-53.51218375775874,28.0,22.047645189694077,43.87485252861153,5.2182386411914194e-08
middle,33.5,0.5114503816793893,69.24723398208961,-56.88639472241251,0.0,-2.0,46.351623244609904,-17.89109884777446,60.12483589124467,-41.11390258441617,67.95692817894881,-66.95298790872448,60.12483589124467,-41.11390258441617,67.95692817894881,-66.95298790872448,64.04088203509674,-54.033445246570324,28.0,22.063214564457915,45.58422467917529,5.4489504464072525e-08
middle,34.0,0.5190839694656488,68.40864522669358,-57.647745922784445,0.0,-2.0,46.27272431858811,-18.119397759716232,59.68540206599011,-41.5522822523336,67.02381473128382,-67.53588668962938,59.68540206599011,-41.5522822523336,67.02381473128382,-67.53588668962938,63.35460839863697,-54.54408447098149,28.0,22.069063929971918,47.32489235082803,5.694300142522479e-08
middle,34.5,0.5267175572519084,67.5591771691529,-58.39800910083059,0.0,-2.0,46.192700943515995,-18.34730496268107,59.241640216150564,-41.98467334114264,66.0837096332385,-68.1033656149099,59.241640216150564,-41.98467334114264,66.0837096332385,-68.1033656149099,62.66267492469453,-55.04401947802627,28.0,22.06493634239152,49.08962145281178,5.955392623491207e-08
middle,35.0,0.5343511450381679,66.69890418536961,-59.13702639283239,0.0,-2.0,46.11155506399935,-18.574814918416322,58.79363916411273,-42.411021472263165,65.13688186505382,-68.65532127311435,58.79363916411273,-42.411021472263165,65.13688186505382,-68.65532127311435,61.96526051458328,-55.533171372688756,28.0,22.05061739268771,50.870816684455114,6.233431548707813e-08
middle,35.5,0.5419847328244275,65.82789911052525,-59.86463941217,0.0,-2.0,46.02928865192136,-18.80192209832265,58.34148850395411,-42.83127362522834,64.18360208008657,-69.19165505197498,58.34148850395411,-42.83127362522834,64.18360208008657,-69.19165505197498,61.26254529202034,-56.011464338601655,28.0,22.02593826314912,52.6606695817056,6.529738527660811e-08
middle,36.0,0.549618320610687,64.94623306837713,-60.58068906976305,0.0,-2.0,45.94590370639471,-19.028620983588336,57.88527858046672,-43.245378149162306,63.22414251811403,-69.71227316643414,57.88527858046672,-43.245378149162306,63.22414251811403,-69.71227316643414,60.55471054929038,-56.478825657798225,28.0,21.990777630503118,54.4513173835033,6.845755962103794e-08
middle,36.5,0.5572519083969466,64.0539752929736,-61.285015380601415,0.0,-2.0,45.861402253712924,-19.254906065323425,57.42510046800747,-43.653284773932754,62.25877691816187,-70.21708668509041,57.42510046800747,-43.653284773932754,62.25877691816187,-70.21708668509041,59.84193869308467,-56.93518572951158,28.0,21.945062319701034,56.23500490579976,7.18306978342298e-08
middle,37.0,0.5648854961832062,63.15119294209224,-61.97745725520685,0.0,-2.0,45.775786347301214,-19.480771844693585,56.96104594918013,-44.05494462097591,61.28778043088421,-70.70601155505629,56.96104594918013,-44.05494462097591,61.28778043088421,-70.70601155505629,59.12441319003217,-57.380478088016105,28.0,21.88876668460558,58.00424133508317,7.543415847521828e-08
middle,37.5,0.5725190839694656,62.237950901636,-62.65785227473036,0.0,-2.0,45.68905806766653,-19.706212833053716,56.4932074933538,-44.450310213791234,60.311429530524975,-71.17896862522035,56.4932074933538,-44.450310213791234,60.311429530524975,-71.17896862522035,58.402318511939384,-57.814639419505795,28.0,21.82191076546298,59.75194432411679,7.928706935445007e-08
middle,38.0,0.5801526717557252,61.3143115801403,-63.326036448240274,0.0,-2.0,45.601219522347016,-19.931223552081363,56.02167823502331,-44.8393354881035,59.33000192648997,-71.63588366790607,56.02167823502331,-44.8393354881035,59.33000192648997,-71.63588366790607,57.67584008075664,-58.237609578004786,28.0,21.744557340558412,61.4715649216777,8.341052648574987e-08
middle,38.5,0.5877862595419847,60.38033469245586,-63.98184395058361,0.0,-2.0,45.5122728458608,-20.15579853390981,55.546551952016515,-45.22197580168974,58.34377647455902,-72.07668739892137,55.546551952016515,-45.22197580168974,58.34377647455902,-72.07668739892137,56.94516421328777,-58.64933160030555,28.0,21.656808044303247,63.157188531918116,8.782773619486761e-08
middle,39.0,0.5954198473282443,59.436077031571344,-64.62510683901088,0.0,-2.0,45.42222019965413,-20.379932321260945,55.067923043553705,-45.5981879438687,57.3530330877675,-72.50131549599233,55.067923043553705,-45.5981879438687,57.3530330877675,-72.50131549599233,56.2104780656606,-59.04975171993051,28.0,21.558798761664086,64.80360905289825,9.256438460170102e-08
middle,39.5,0.6030534351145038,58.48159222742865,-65.25565474653281,0.0,-2.0,45.331063772048815,-20.603619467577904,54.58588650816437,-45.967930144650886,56.35805264698715,-72.90970861557611,54.58588650816437,-45.967930144650886,56.35805264698715,-72.90970861557611,55.47196957757576,-59.4388193801135,28.0,21.450694527315587,66.40637534468411,9.764892894281729e-08
middle,40.0,0.6106870229007634,57.51693049145766,-65.8733145497278,0.0,-2.0,45.238805778189096,-20.826854537157413,54.10053792146661,-46.33116208354656,55.3591169112357,-73.30181240804767,54.10053792146661,-46.33116208354656,55.3591169112357,-73.30181240804767,54.729827416351156,-59.81648724579711,28.0,21.332684157705717,67.96181100564475,1.0311291021025681e-07
middle,40.5,0.6183206106870229,56.54213834541635,-66.47791000843216,0.0,-2.0,45.14544845998779,-21.049632105281873,53.611973413814454,-46.68784489802994,54.35650842774518,-73.67757753125606,53.611973413814454,-46.68784489802994,54.35650842774518,-73.67757753125606,53.98424092077982,-60.182711214643,28.0,21.204974827987265,69.46700992646902,1.0899136526631992e-07
middle,41.0,0.6259541984732825,55.55725833296104,-67.06926137441995,0.0,-2.0,45.05099408607181,-21.271946758351184,53.120289647818396,-47.037941191657595,53.35051044181859,-74.03695966244668,53.120289647818396,-47.037941191657595,53.35051044181859,-74.03695966244668,53.23540004481849,-60.537450427052136,28.0,21.067786777487992,70.91981115106807,1.1532331001262719e-07
middle,41.5,0.6335877862595419,54.56232871219274,-67.64718496580227,0.0,-2.0,44.955444951727046,-21.493793094014297,52.625583795744625,-47.38141504183895,52.34140680650523,-74.37991950854574,52.625583795744625,-47.38141504183895,52.34140680650523,-74.37991950854574,52.48349530112493,-60.880667275192344,28.0,20.92134829163711,72.31875717871522,1.2215226519174394e-07
middle,42.0,0.6412213740458015,53.55738312721951,-68.2114927034473,0.0,-2.0,44.858803378842566,-21.71516572130051,52.12795351679809,-47.71823200725728,51.329481892124164,-74.70642281480477,52.12795351679809,-47.71823200725728,51.329481892124164,-74.70642281480477,51.728717704461125,-61.212327411031026,28.0,20.76589106945736,73.66304002798266,1.2952688166478765e-07
middle,42.5,0.648854961832061,52.54245025654153,-68.76199160522562,0.0,-2.0,44.761071715854236,-21.936059260750454,51.627496934295145,-48.04835913493922,50.31502049566626,-75.01644037180225,51.627496934295145,-48.04835913493922,50.31502049566626,-75.01644037180225,50.971258714980706,-61.53239975337073,28.0,20.601646047621212,74.95243922524236,1.3750170779758264e-07
middle,43.0,0.6564885496183206,51.517553435800096,-69.29848323331208,0.0,-2.0,44.66225233768761,-22.156468344546813,51.12431261273094,-48.37176496697142,49.29830775010458,-75.30994802080163,51.12431261273094,-48.37176496697142,49.29830775010458,-75.30994802080163,50.21131018141776,-61.84085649388652,28.0,20.428839717439967,76.18725547297144,1.4613791421425049e-07
middle,43.5,0.6641221374045801,50.48271025212691,-69.82076308911243,0.0,-2.0,44.562347645700235,-22.376387616644774,50.61849953474707,-48.68841954686245,48.27962903364325,-75.5869266574637,50.61849953474707,-48.68841954686245,48.27962903364325,-75.5869266574637,49.44906428419516,-62.13767310216308,28.0,20.24769094175271,77.36824319198205,1.555044093493052e-07
middle,44.0,0.6717557251908397,49.437932106981705,-70.32861994960993,0.0,-2.0,44.46136006762331,-22.59581173290218,50.110157078005216,-48.99829442554872,47.25926987893503,-75.84736223391366,50.110157078005216,-48.99829442554872,47.25926987893503,-75.84736223391366,48.68471347847012,-62.42282832973119,28.0,20.058408255312933,78.49654450232283,1.656788839454748e-07
middle,44.5,0.6793893129770993,48.38322374396424,-70.82183513802848,0.0,-2.0,44.359292057502664,-22.814735361209404,49.59938499197181,-49.30136266704294,46.23751588229723,-76.09124575916216,49.59938499197181,-49.30136266704294,46.23751588229723,-76.09124575916216,47.918450437134524,-62.69630421310255,28.0,19.86118761497299,79.57362657775195,1.7674928187716432e-07
middle,45.0,0.6870229007633588,47.31858273762096,-71.3001817206566,0.0,-2.0,44.25614609563913,-23.0331531816189,49.08628337461982,-49.59759885372358,45.21465261295664,-76.31857329788156,49.08628337461982,-49.59759885372358,45.21465261295664,-76.31857329788156,47.150467993788226,-62.95808607580257,28.0,19.656210554251356,80.60122372614364,1.888152922902009e-07
middle,45.5,0.6946564885496184,46.24399893873192,-71.76342362044032,0.0,-2.0,44.1519246885283,-23.2510598864745,48.570952649052735,-49.88697909126455,44.19096552235294,-76.52934596753784,48.570952649052735,-49.88697909126455,44.19096552235294,-76.52934596753784,46.38095908570284,-63.20816252940119,28.0,19.443642689923106,81.58128504196111,2.0199028938350239e-07
middle,46.0,0.7022900763358778,45.15945387093545,-72.21131463649938,0.0,-2.0,44.04663036879956,-23.46845018054038,48.053493540056635,-50.169481013203445,43.16673985353096,-76.72356993388057,48.053493540056635,-50.169481013203445,43.16673985353096,-76.72356993388057,45.610116696793796,-63.44652547354201,28.0,19.223632525144268,82.51592806051347,2.1640360614583187e-07
middle,46.5,0.7099236641221374,44.064920072819504,-72.64359735699976,0.0,-2.0,43.940265695154615,-23.685318781129748,47.53400705058573,-50.4450837851477,42.14226055065163,-76.9012564047926,47.53400705058573,-50.4450837851477,42.14226055065163,-76.9012564047926,44.83813380061868,-63.67317009497015,28.0,18.99631049334657,83.4073985187836,2.3220319178562931e-07
middle,47.0,0.7175572519083969,42.96036037875217,-73.06000195077395,0.0,-2.0,43.83283325230525,-23.901660418233213,47.01259443818707,-50.713768108617415,41.11781216865144,-77.06242162250248,47.01259443818707,-50.713768108617415,41.11781216865144,-77.06242162250248,44.06520330341925,-63.88809486555995,28.0,18.761788188832988,84.25803608813465,2.495588660167414e-07
middle,47.5,0.7251908396946565,41.84572713071702,-73.46024482064549,0.0,-2.0,43.724335650910554,-24.117469834646826,46.489357191370125,-50.97551622452401,40.09367878308055,-77.207086854163,46.489357191370125,-50.97551622452401,40.09367878308055,-77.207086854163,43.29151798722533,-64.0913015393435,28.0,18.520157732904174,85.07024577962895,2.6866618441090395e-07
middle,48.0,0.732824427480916,40.72096131222911,-73.84402709849967,0.0,-2.0,43.61477552751347,-24.332741786099877,45.96439700592656,-51.23031191628412,39.07014390014887,-77.33527838079954,45.96439700592656,-51.23031191628412,39.07014390014887,-77.33527838079954,42.51727045303771,-64.28279514854182,28.0,18.271491227826992,85.8464746204993,2.8975112087437083e-07
middle,48.5,0.7404580152671756,39.58599159399128,-74.2110329586369,0.0,-2.0,43.504155544476745,-24.5474710413823,45.43781576120627,-51.478140512567705,38.04749036701033,-77.447027484633,45.43781576120627,-51.478140512567705,38.04749036701033,-77.447027484633,41.742653064108296,-64.46258399860035,28.0,18.01584025452692,86.58919314797163,3.130758088332186e-07
middle,49.0,0.7480916030534351,38.44073327926462,-74.5609277217076,0.0,-2.0,43.39247838991818,-24.761652382471784,44.909715496355,-51.71898888967982,37.02600028231457,-77.54237043478169,44.909715496355,-51.71898888967982,37.02600028231457,-77.54237043478169,40.96785788933478,-64.63067966223076,28.0,17.753235373174334,87.30088125244775,3.3894551876301193e-07
middle,49.5,0.7557251908396947,37.285087134899854,-74.89335571637994,0.0,-2.0,43.27974677764538,-24.975280604660618,44.38019838651932,-51.952845473575806,36.005954907055624,-77.62134847134838,44.38019838651932,-51.952845473575806,36.005954907055624,-77.62134847134838,40.193076646787475,-64.7870969724621,28.0,17.483685588559823,87.98401791612493,3.677172202287693e-07
middle,50.0,0.7633587786259542,36.11893809153105,-75.2079378596054,0.0,-2.0,43.165963447089744,-25.188350516682128,43.84936671902469,-52.17970024150894,34.987634575747165,-77.68400778789808,43.84936671902469,-52.17970024150894,34.987634575747165,-77.68400778789808,39.418500647385926,-64.9318540147035,28.0,17.20717774409987,88.64107442734033,3.9981006949574294e-07
middle,50.5,0.7709923664122137,34.94215379346683,-75.50426890862217,0.0,-2.0,43.05113116323993,-25.40085694083684,43.31732286953214,-52.39954472331066,33.97131860795339,-77.73039951233332,43.31732286953214,-52.39954472331066,33.97131860795339,-77.73039951233332,38.64432073874276,-65.064972117822,28.0,16.923675809317224,89.27451069897505,4.357188032599879e-07
middle,51.0,0.7786259541984732,33.75458297518426,-75.78191432829095,0.0,-2.0,42.93525271657466,-25.612794713118312,42.78416927817947,-52.61237200230272,32.957285220204774,-77.760579686174,42.78416927817947,-52.61237200230272,32.957285220204774,-77.760579686174,37.87072724919212,-65.18647584423836,28.0,16.633120025539533,89.88677437682041,4.7602991060102795e-07
middle,51.5,0.7862595419847328,32.55605363687151,-76.0404067054822,0.0,-2.0,42.8183309229949,-25.824158683338602,42.250008425712316,-52.81817671584133,31.945811438327517,-77.77460924224962,42.250008425712316,-52.81817671584133,31.945811438327517,-77.77460924224962,37.09790993201992,-65.29639297904548,28.0,16.335425873198805,89.51969751211688,5.214425939925604e-07
middle,52.0,0.7938931297709924,31.346370985932097,-76.27924162735812,0.0,-2.0,42.700368623755466,-26.034943715253416,41.714942809611244,-53.016955055493014,30.93717301021608,-77.77255398081182,41.714942809611244,-53.016955055493014,30.93717301021608,-77.77255398081182,36.32605790991366,-65.39475451815241,28.0,16.030482821293994,88.94247455218151,5.727949599076965e-07
middle,52.5,0.8015267175572519,30.125315104456604,-76.4978729216232,0.0,-2.0,42.5813686853959,-26.245144686686967,41.17907492021994,-53.208704766842345,29.931644319076433,-77.75448454407616,41.17907492021994,-53.208704766842345,29.931644319076433,-77.75448454407616,35.555359619648186,-65.48159465545925,28.0,15.718152815047794,88.37912667904766,6.310976345957897e-07
middle,53.0,0.8091603053435115,28.892638293964836,-76.69570713294436,0.0,-2.0,42.46133399967091,-26.454756489656386,40.64250721688094,-53.3934251489314,28.92949829716997,-77.72047638920242,40.64250721688094,-53.3934251489314,28.92949829716997,-77.72047638920242,34.78600275702546,-65.5569507690669,28.0,15.398268451189477,87.82721569351408,6.975772635087196e-07
middle,53.5,0.816793893129771,27.648062037655322,-76.87209707912386,0.0,-2.0,42.340267483480034,-26.66377403049589,40.10534210408374,-53.57111705333132,27.931006340084892,-77.67060975972285,40.10534210408374,-53.57111705333132,27.931006340084892,-77.67060975972285,34.01817422208431,-65.62086340652709,28.0,15.07063078114071,87.28428448655029,7.737328289181278e-07
middle,54.0,0.8244274809160306,26.39127350619829,-77.02633429098074,0.0,-2.0,42.218172078796776,-26.872192229980534,39.56768190763181,-53.74178288284605,26.936438221564494,-77.60496965542914,39.56768190763181,-53.74178288284605,26.936438221564494,-77.60496965542914,33.252060064598155,-65.6733762691376,28.0,14.735006669973306,86.74784381194073,8.614098163661765e-07
middle,54.5,0.8320610687022901,25.121921514676004,-77.15764008810676,0.0,-2.0,42.09505075259714,-27.08000602344966,39.02962885083347,-53.90542658984876,25.94606200891947,-77.52364580072849,39.02962885083347,-53.90542658984876,25.94606200891947,-77.52364580072849,32.48784542987647,-65.71453619528862,28.0,14.391125622361269,86.21535632326474,9.628987456267168e-07
middle,55.0,0.8396946564885496,23.839611814090162,-77.26515497425902,0.0,-2.0,41.97090649678747,-27.287210360929954,38.49128503072275,-54.06205367425117,24.960143979052248,-77.42673261148028,38.49128503072275,-54.06205367425117,24.960143979052248,-77.42673261148028,31.7257145048875,-65.74439314286572,28.0,14.038675964454885,85.68421744565173,1.0810671895455926e-06
middle,55.5,0.8473282442748091,22.543901568718297,-77.34792594477172,0.0,-2.0,41.845742328131806,-27.493800207258197,37.952752394315766,-54.211671181106524,23.978948535121003,-77.31432916032514,37.952752394315766,-54.211671181106524,23.978948535121003,-77.31432916032514,30.965850464718386,-65.76300017071583,28.0,13.677300240624271,85.15173246740994,1.2195394631930867e-06
middle,56.0,0.8549618320610687,21.234292827316494,-77.40489117477,0.0,-2.0,41.719561288178554,-27.699770542203552,37.414132714908234,-54.35428769784656,23.002738123870408,-77.18653914051873,37.414132714908234,-54.35428769784656,23.002738123870408,-77.18653914051873,30.20843541938932,-65.77041341918265,28.0,13.306589643377118,84.6150889944508,1.3829440632662227e-06
middle,56.5,0.8625954198473282,19.910224737011987,-77.43486138751963,0.0,-2.0,41.592366443186556,-27.905116360589638,36.87552756841978,-54.48991335115341,22.031773153656225,-77.04347082828299,36.87552756841978,-54.48991335115341,22.031773153656225,-77.04347082828299,29.453650361038,-65.7666920897182,28.0,12.926077239037207,84.07132358512368,1.577259340024284e-06
middle,57.0,0.8702290076335878,18.57106416657976,-77.43649696648089,0.0,-2.0,41.464160884050614,-28.109832672416093,36.337038309790685,-54.618559803466994,21.066311913190663,-76.88523704368816,36.337038309790685,-54.618559803466994,21.066311913190663,-76.88523704368816,28.701675111490673,-65.75189842357759,28.0,12.535229674322132,83.51728093501104,1.8103046954820456e-06
middle,57.5,0.8778625954198473,17.216094289688826,-77.40827954123208,0.0,-2.0,41.334947726226346,-28.31391450297989,35.79876604943679,-54.74024024912893,20.1066104910349,-76.71195511007951,35.79876604943679,-54.74024024912893,20.1066104910349,-76.71195511007951,27.952688270235846,-65.72609767960422,28.0,12.13343693954909,82.94956334959244,2.092450394286516e-06
middle,58.0,0.8854961832061069,15.844500511428805,-77.34847629743861,0.0,-2.0,41.204730109654506,-28.51735689299617,35.260811629767936,-54.85496941016376,19.152922695865104,-76.5237468120628,35.260811629767936,-54.85496941016376,19.152922695865104,-76.5237468120628,27.206867162816522,-65.68935811111328,28.0,11.71999960677919,82.36446733206844,2.4376642286938477e-06
middle,58.5,0.8931297709923665,14.455352875240024,-77.25509455616204,0.0,-2.0,41.073511198684656,-28.7201548987188,34.723275601775754,-54.9627635316987,18.205499977538054,-76.32073835206354,34.723275601775754,-54.9627635316987,18.205499977538054,-76.32073835206354,26.464387789656904,-65.64175094188113,28.0,11.294112729967235,81.75790277051502,2.865088291059692e-06
middle,59.0,0.9007633587786259,13.047583716432058,-77.12582310950103,0.0,-2.0,40.9412941819983,-28.922303592060473,34.186258201696305,-55.06364037702282,17.264591348981888,-76.1030603054749,34.186258201696305,-55.06364037702282,17.264591348981888,-76.1030603054749,25.725424775339096,-65.58335034124886,28.0,10.854845246520753,81.12528817973066,3.4014742169574674e-06
middle,59.5,0.9083969465648855,11.619958754725332,-76.95795517069268,0.0,-2.0,40.808082272531365,-29.123798060712502,33.64985932775305,-55.157619222287096,16.33044330893761,-75.87084757441026,33.64985932775305,-55.157619222287096,16.33044330893761,-75.87084757441026,24.99015131834533,-65.51423339834868,28.0,10.401113183184009,80.46141230843607,4.085048793456281e-06
middle,60.0,0.916030534351145,10.17103890429027,-76.74828521847729,0.0,-2.0,40.67387870739617,-29.32463340826414,33.11417851698585,-55.24472085084639,15.403299765576445,-75.62423934007657,33.11417851698585,-55.24472085084639,15.403299765576445,-75.62423934007657,24.258739141281147,-65.43448009546148,28.0,9.931644116608407,79.76024740700055,4.971847602064372e-06
middle,60.5,0.9236641221374046,8.699128574653152,-76.49296780185286,0.0,-2.0,40.53868674780269,-29.52480475432163,32.57931492217132,-55.32496754724497,14.483401961017755,-75.36337901378478,32.57931492217132,-55.32496754724497,14.483401961017755,-75.36337901378478,23.531358441594538,-65.34417328051487,28.0,9.444928938298187,79.01469119063775,6.1464739502525845e-06
middle,61.0,0.9312977099236641,7.202203661342708,-76.18731922753345,0.0,-2.0,40.402509678979406,-29.724307234626725,32.04536728884023,-55.39838309084673,13.570988396772243,-75.08841418661478,32.04536728884023,-55.39838309084673,13.570988396772243,-75.08841418661478,22.808177842806238,-65.24339863873075,28.0,8.939154583111328,78.21620042041154,7.741158484009247e-06
middle,61.5,0.9389312977099237,5.677807824267937,-75.82553041277475,0.0,-2.0,40.26535081009337,-29.923136001174953,31.512433932397244,-55.4649927491121,12.66629476013441,-74.79949657775224,31.512433932397244,-55.4649927491121,12.66629476013441,-74.79949657775224,22.089364346265825,-65.13224466343218,28.0,8.412107117103574,77.35425386561053,9.971228536187482e-06
middle,62.0,0.9465648854961832,4.1228818951836885,-75.40020675878093,0.0,-2.0,40.127213474169885,-30.121286222333417,30.98061271534859,-55.52482327052279,11.769553851548302,-74.49678198151518,30.98061271534859,-55.52482327052279,11.769553851548302,-74.49678198151518,21.375083283448447,-65.01080262601899,28.0,7.861028552205173,76.41544263235402,2.2502888441522373e-11
middle,62.5,0.9541984732824428,2.5335727968003567,-74.90179234560222,0.0,-2.0,39.988101028011414,-30.318753082958168,30.450001024642983,-55.577902877156376,10.880995512970017,-74.1804302130888,30.450001024642983,-55.577902877156376,10.880995512970017,-74.1804302130888,20.665498268806502,-64.87916654512259,28.0,7.2823807048487055,75.3824986618713,3.5932146147388266e-11
middle,63.0,0.9618320610687023,0.9047499638505201,-74.31730528309726,0.0,-2.0,39.848016852116096,-30.515531784511257,29.92069574913127,-55.624261256912526,10.00084655725005,-73.85060505298718,29.92069574913127,-55.624261256912526,10.00084655725005,-73.85060505298718,19.96077115319066,-64.73743315494985,28.0,6.671476995341759,74.23164580795688,7.550227110186825e-11
middle,63.5,0.9694656488549618,-0.7706853224415795,-73.62841862038975,0.0,-2.0,39.70696435059556,-30.711617545177308,29.392793257150117,-55.6639295553926,9.129330698558473,-73.50747419026138,29.392793257150117,-55.6639295553926,9.129330698558473,-73.50747419026138,19.261061977854297,-64.58570187282699,28.0,6.021792018466037,72.92892145282683,2.1049828546892968e-10
middle,64.0,0.9770992366412213,-2.5032764760492157,-72.80750930862757,0.0,-2.0,39.56494695109218,-30.90700559997976,28.866389374235,-55.69694036743471,8.26666848387515,-73.15120916447322,28.866389374235,-55.69694036743471,8.26666848387515,-73.15120916447322,18.566528929055075,-64.42407476595396,28.0,5.323609755072237,71.42223430604272,7.564224802081299e-10
middle,64.5,0.9847328244274809,-4.310356652160266,-71.80884958227143,0.0,-2.0,39.42196810469584,-31.10169120089662,28.34157936096811,-55.723327728306245,7.413077225567498,-72.781985306455,28.34157936096811,-55.723327728306245,7.413077225567498,-72.781985306455,17.877328293267805,-64.25265651738061,28.0,4.560942491826179,69.62347914134482,3.940641590816085e-09
middle,65.0,0.9923664122137404,-6.225468820286103,-70.54433580301038,0.0,-2.0,39.27803128586001,-31.29566961697586,27.818457890965913,-55.74312710455594,6.568770935076806,-72.39998167787549,27.818457890965913,-55.74312710455594,6.568770935076806,-72.39998167787549,17.193614413021358,-64.07155439121571,28.0,3.7028734478033947,67.35862038657893,3.799871706178237e-08
middle,65.5,1.0,-8.337387192276978,-68.78547914672866,0.0,-2.0,39.133139992317346,-31.488936134450366,27.297119029012254,-55.75637538452787,5.733960257735344,-72.00538100963317,27.297119029012254,-55.75637538452787,5.733960257735344,-72.00538100963317,16.5155396433738,-63.88087819708052,28.0,2.6677461963310485,64.16358878737508,1.3302346104637763e-06
