q_deg,input_torque_Nm,input_torque_mNm,body:input_crank_Nm,body:loop_1_coupler_Nm,body:central_body_Nm,body:link_eh_Nm,body:distal_body_Nm,point:joint_b_Nm,point:joint_c_Nm,point:joint_f_Nm,point:joint_h_Nm
0,-0.00680019689156,-6.80019689156,4.24466932789e-05,3.25506074049e-05,-0.00110241764752,-0.000178602313985,-0.00333327528508,5.09360319347e-05,-2.11012082732e-06,-0.00123811097285,-0.00107161388391
0.5,-0.00685189528574,-6.85189528574,3.72579687422e-05,2.36061359643e-05,-0.00111578556719,-0.000177814862809,-0.00334171932773,4.47095624907e-05,-9.30035854421e-06,-0.00124595965981,-0.00106688917685
1,-0.00690310505387,-6.90310505387,3.20679244632e-05,1.46583496986e-05,-0.00112911551688,-0.000177007330045,-0.00334988978345,3.84815093558e-05,-1.6493984808e-05,-0.00125376224194,-0.00106204398027
1.5,-0.00695333683274,-6.95333683274,2.68754382291e-05,5.70410481615e-06,-0.00114236936532,-0.000176159901719,-0.00335751140316,3.22505258749e-05,-2.36943686506e-05,-0.0012614724525,-0.00105695941031
2,-0.00700258939342,-7.00258939342,2.16809053263e-05,-3.25625561202e-06,-0.0011555467964,-0.000175273129099,-0.00336458098348,2.60170863915e-05,-3.09014698095e-05,-0.00126908997613,-0.00105163877459
2.5,-0.0070508619491,-7.0508619491,1.64847213386e-05,-1.22223872668e-05,-0.00116864750226,-0.000174347591883,-0.00337109554857,1.97816656063e-05,-3.81152465065e-05,-0.00127661450826,-0.0010460855513
3,-0.00709815410801,-7.09815410801,1.12872819755e-05,-2.1193945545e-05,-0.00118167117897,-0.000173383894322,-0.00337705233785,1.35447383707e-05,-4.53356566881e-05,-0.00128404574904,-0.00104030336593
3.5,-0.00714446587634,-7.14446587634,6.0889830423e-06,-3.01705859671e-05,-0.00119461752737,-0.000172382664752,-0.00338244881019,7.30677965076e-06,-5.25626586014e-05,-0.00129138340363,-0.00103429598851
4,-0.00718979766049,-7.18979766049,8.90220409416e-07,-3.91519645813e-05,-0.00120748625375,-0.000171344555076,-0.00338728264763,1.0682644913e-06,-5.97962113632e-05,-0.00129862718253,-0.00102806733045
4.5,-0.00723415026846,-7.23415026846,-4.30861001719e-06,-4.81377383641e-05,-0.0012202770707,-0.000170270240193,-0.00339155175866,-5.17033202063e-06,-6.70362755256e-05,-0.00130577680182,-0.00102162144116
5,-0.00727752491049,-7.27752491049,-9.50711232645e-06,-5.71275656197e-05,-0.00123298969777,-0.000169160417391,-0.00339525428114,-1.14085347917e-05,-7.42828136378e-05,-0.00131283198347,-0.00101496250435
5.5,-0.00731992319894,-7.31992319894,-1.47048906323e-05,-6.61211063772e-05,-0.00124562386226,-0.000168015805688,-0.00339838858473,-1.76458687588e-05,-8.15357908071e-05,-0.00131979245556,-0.00100809483413
6,-0.00736134714731,-7.36134714731,-1.99015491038e-05,-7.51180227886e-05,-0.00125817929992,-0.000166837145124,-0.00340095327285,-2.38818589246e-05,-8.87951752584e-05,-0.0013266579526,-0.00100102287074
6.5,-0.00740179916867,-7.40179916867,-2.50966919952e-05,-8.41179795266e-05,-0.00127065575571,-0.000165625196026,-0.0034029471842,-3.01160303943e-05,-9.60609388957e-05,-0.00133342821577,-0.000993751176157
7,-0.00744128207312,-7.44128207312,-3.02899236764e-05,-9.31206441845e-05,-0.00128305298449,-0.000164380738218,-0.00340436939384,-3.63479084117e-05,-0.000103333057865,-0.00134010299312,-0.000986284429309
7.5,-0.00747979906464,-7.47979906464,-3.54808486626e-05,-0.000102125687678,-0.00129537075176,-0.0001631045702,-0.00340521921373,-4.25770183952e-05,-0.000110611513122,-0.0013466820399,-0.000978627421199
8,-0.0075173537372,-7.5173537372,-4.06690716448e-05,-0.000111132784649,-0.00130760883438,-0.000161797508287,-0.00340549619282,-4.88028859738e-05,-0.000117896291,-0.00135316511873,-0.000970785049719
8.5,-0.00755395007006,-7.55395007006,-4.58541975197e-05,-0.000120141613878,-0.00131976702128,-0.000160460385716,-0.00340520011666,-5.50250370237e-05,-0.000125187383793,-0.00135955199989,-0.000962762314295
9,-0.00758959242241,-7.58959242241,-5.103583142e-05,-0.000129151858693,-0.00133184511424,-0.000159094051721,-0.00340433100647,-6.1242997704e-05,-0.000132484790336,-0.00136584246151,-0.000954564310324
9.5,-0.00762428552739,-7.62428552739,-5.6213578744e-05,-0.000138163207395,-0.00134384292853,-0.000157699370572,-0.00340288911779,-6.74562944928e-05,-0.000139788516599,-0.00137203628983,-0.000946196223434
10,-0.00765803448529,-7.65803448529,-6.13870451864e-05,-0.000147175353676,-0.00135576029376,-0.000156277220597,-0.00340087493855,-7.36644542237e-05,-0.000147098576291,-0.00137813327942,-0.000937663323582
10.5,-0.00769084475624,-7.69084475624,-6.65558367676e-05,-0.000156187997063,-0.00136759705453,-0.000154828493166,-0.00339828918671,-7.98670041211e-05,-0.000154414991474,-0.00138413323342,-0.000928970958996
11,-0.00772272215218,-7.72272215218,-7.17195598641e-05,-0.000165200843351,-0.00137935307124,-0.000153354091663,-0.00339513280734,-8.60634718369e-05,-0.00016173779319,-0.00139003596372,-0.000920124549981
11.5,-0.00775367282831,-7.75367282831,-7.68778212384e-05,-0.00017421360506,-0.00139102822084,-0.000151854930435,-0.00339140696929,-9.22533854861e-05,-0.000169067022104,-0.00139584129125,-0.000911129582609
12,-0.00778370327387,-7.78370327387,-8.2030228069e-05,-0.000183226001893,-0.00140262239762,-0.000150331933717,-0.00338711306132,-9.84362736828e-05,-0.000176402729156,-0.00140154904612,-0.000901991602303
12.5,-0.00781282030246,-7.81282030246,-8.71763879801e-05,-0.000192237761211,-0.00141413551399,-0.000148786034555,-0.00338225268768,-0.000104611665576,-0.00018374497624,-0.0014071590679,-0.000892716207333
13,-0.0078410310418,-7.8410310418,-9.23159090716e-05,-0.00020124861852,-0.00142556750129,-0.000147218173707,-0.00337682766337,-0.000110779090886,-0.000191093836893,-0.00141267120582,-0.00088330904224
13.5,-0.007868342923,-7.868342923,-9.74483999493e-05,-0.000210258317965,-0.00143691831063,-0.000145629298535,-0.00337084000878,-0.000116938079939,-0.000198449397008,-0.00141808531898,-0.000873775791209
14,-0.00789476366939,-7.89476366939,-0.000102573469754,-0.000219266612849,-0.00144818791372,-0.0001440203619,-0.00336429194392,-0.000123088163705,-0.000205811755569,-0.00142340127658,-0.0008641221714
14.5,-0.00792030128493,-7.92030128493,-0.000107690728192,-0.000228273266159,-0.00145937630375,-0.000142392321043,-0.00335718588219,-0.00012922887383,-0.000213181025408,-0.00142861895811,-0.000854353926261
15,-0.00794496404221,-7.94496404221,-0.000112799785564,-0.00023727805111,-0.00147048349626,-0.000140746136473,-0.00334952442371,-0.000135359742676,-0.000220557333988,-0.0014337382536,-0.000844476818837
15.5,-0.0079687604701,-7.9687604701,-0.000117900252795,-0.000246280751715,-0.00148150953007,-0.000139082770848,-0.0033413103482,-0.000141480303354,-0.000227940824218,-0.00143875906381,-0.000834496625087
16,-0.0079916993411,-7.9916993411,-0.000122991741466,-0.000255281163364,-0.00149245446823,-0.000137403187873,-0.0033325466074,-0.000147590089759,-0.000235331655287,-0.00144368130048,-0.000824419127235
16.5,-0.00801378965836,-8.01378965836,-0.000128073863839,-0.000264279093431,-0.00150331839896,-0.000135708351194,-0.00332323631711,-0.000153688636607,-0.00024273000354,-0.00144850488652,-0.000814250107162
17,-0.0080350406425,-8.0350406425,-0.000133146232892,-0.000273274361903,-0.00151410143666,-0.000133999223309,-0.0033133827488,-0.00015977547947,-0.000250136063385,-0.00145322975622,-0.000803995339854
17.5,-0.00805546171819,-8.05546171819,-0.000138208462343,-0.000282266802029,-0.00152480372298,-0.00013227676449,-0.00330298932085,-0.000165850154812,-0.000257550048232,-0.00145785585552,-0.000793660586939
18,-0.0080750625005,-8.0750625005,-0.000143260166685,-0.000291256260999,-0.00153542542782,-0.000130541931716,-0.00329205958931,-0.000171912200022,-0.000264972191476,-0.00146238314218,-0.000783251590297
18.5,-0.00809385278121,-8.09385278121,-0.000148300961211,-0.000300242600648,-0.00154596675052,-0.000128795677631,-0.00328059723842,-0.000177961153453,-0.00027240274752,-0.00146681158603,-0.000772774065785
19,-0.0081118425149,-8.1118425149,-0.000153330462044,-0.000309225698195,-0.00155642792093,-0.000127038949513,-0.00326860607065,-0.000183996554452,-0.000279841992839,-0.00147114116919,-0.000762233697081
19.5,-0.00812904180502,-8.12904180502,-0.000158348286168,-0.000318205447002,-0.00156680920068,-0.000125272688275,-0.00325608999642,-0.000190017943402,-0.000287290227102,-0.00147537188632,-0.000751636129652
20,-0.00814546088988,-8.14546088988,-0.000163354051458,-0.000327181757384,-0.00157711088434,-0.000123497827479,-0.00324305302345,-0.00019602486175,-0.000294747774326,-0.00147950374481,-0.000740986964874
20.5,-0.00816111012866,-8.16111012866,-0.000168347376704,-0.000336154557435,-0.0015873333008,-0.000121715292384,-0.00322949924584,-0.000202016852045,-0.000302214984108,-0.00148353676504,-0.000730291754306
21,-0.00817599998742,-8.17599998742,-0.000173327881645,-0.000345123793911,-0.00159747681452,-0.000119925999021,-0.00321543283272,-0.000207993457975,-0.000309692232892,-0.00148747098061,-0.000719555994125
21.5,-0.00819014102511,-8.19014102511,-0.000178295186998,-0.00035408943314,-0.00160754182703,-0.000118130853291,-0.00320085801661,-0.000213954224397,-0.000317179925312,-0.00149130643858,-0.000708785119748
22,-0.00820354387972,-8.20354387972,-0.000183248914481,-0.000363051461985,-0.00161752877829,-0.000116330750106,-0.00318577908153,-0.000219898697377,-0.000324678495601,-0.0014950431997,-0.000697984500638
22.5,-0.00821621925449,-8.21621925449,-0.00018818868685,-0.000372009888852,-0.00162743814833,-0.000114526572551,-0.00317020035065,-0.00022582642422,-0.000332188409059,-0.00149868133868,-0.000687159435303
23,-0.00822817790426,-8.22817790426,-0.000193114127921,-0.000380964744744,-0.00163727045874,-0.000112719191084,-0.00315412617376,-0.000231736953506,-0.000339710163611,-0.0015022209444,-0.000676315146505
23.5,-0.00823943062193,-8.23943062193,-0.000198024862604,-0.000389916084372,-0.00164702627441,-0.00011090946278,-0.00313756091433,-0.000237629835125,-0.000347244291433,-0.00150566212019,-0.000665456776678
24,-0.00824998822511,-8.24998822511,-0.000202920516927,-0.000398863987326,-0.00165670620529,-0.000109098230594,-0.00312050893634,-0.000243504620313,-0.000354791360676,-0.00150900498408,-0.000654589383565
24.5,-0.008259861543,-8.259861543,-0.000207800718067,-0.000407808559299,-0.00166631090818,-0.00010728632268,-0.00310297459071,-0.000249360861681,-0.000362351977268,-0.00151224966904,-0.000643717936078
25,-0.00826906140335,-8.26906140335,-0.000212665094378,-0.00041674993339,-0.00167584108867,-0.000105474551732,-0.00308496220145,-0.000255198113253,-0.000369926786831,-0.00151539632325,-0.000632847310394
25.5,-0.00827759861976,-8.27759861976,-0.000217513275418,-0.000425688271461,-0.0016852975032,-0.000103663714379,-0.00306647605146,-0.000261015930502,-0.00037751647669,-0.00151844511037,-0.000621982286274
26,-0.00828548397913,-8.28548397913,-0.00022234489198,-0.000434623765584,-0.00169468096115,-0.000101854590604,-0.003047520368,-0.000266813870376,-0.000385121778,-0.00152139620981,-0.000611127543626
26.5,-0.00829272822937,-8.29272822937,-0.000227159576118,-0.000443556639559,-0.00170399232708,-0.000100047943218,-0.00302809930778,-0.000272591491341,-0.000392743467997,-0.00152424981696,-0.000600287659309
27,-0.00829934206734,-8.29934206734,-0.000231956961174,-0.000452487150522,-0.00171323252312,-9.82445173614e-05,-0.00300821694168,-0.000278348353408,-0.000400382372374,-0.00152700614353,-0.000589467104168
27.5,-0.00830533612699,-8.30533612699,-0.000236736681809,-0.000461415590648,-0.00172240253141,-9.64450400546e-05,-0.00298787723904,-0.000284084018171,-0.000408039367801,-0.00152966541774,-0.000578670240327
28,-0.00831072096786,-8.31072096786,-0.000241498374029,-0.000470342288949,-0.00173150339673,-9.4650219785e-05,-0.00296708405155,-0.000289798048835,-0.000415715384589,-0.00153222788468,-0.00056790131871
28.5,-0.00831550706365,-8.31550706365,-0.000246241675213,-0.000479267613184,-0.00174053622929,-9.28607461355e-05,-0.0029458410967,-0.000295490010256,-0.000423411409519,-0.00153469380654,-0.000557164476813
29,-0.00831970479113,-8.31970479113,-0.00025096622414,-0.000488191971875,-0.0017495022076,-9.10772894526e-05,-0.00292415194064,-0.000301159468968,-0.000431128488844,-0.0015370634629,-0.000546463736715
29.5,-0.00832332441923,-8.32332441923,-0.000255671661018,-0.000497115816462,-0.00175840258158,-8.93005005555e-05,-0.00290201998057,-0.000306805993221,-0.000438867731472,-0.00153933715101,-0.000535803003333
30,-0.0083263760983,-8.3263760983,-0.000260357627508,-0.000506039643573,-0.00176723867582,-8.75310104845e-05,-0.00287944842654,-0.000312429153009,-0.000446630312351,-0.0015415151861,-0.000525186062907
30.5,-0.00832886984958,-8.32886984958,-0.000265023766756,-0.000514963997455,-0.00177601189303,-8.5769430288e-05,-0.00285644028255,-0.000318028520107,-0.000454417476075,-0.0015435979016,-0.000514616581728
31,-0.0083308155548,-8.3308155548,-0.000269669723419,-0.000523889472541,-0.00178472371766,-8.40163508494e-05,-0.00283299832695,-0.000323603668102,-0.000462230540709,-0.00154558564947,-0.000504098105097
31.5,-0.00833222294588,-8.33222294588,-0.000274295143687,-0.000532816716201,-0.00179337571984,-8.22723427513e-05,-0.0028091250921,-0.000329154172425,-0.000470070901876,-0.00154747880049,-0.000493634056508
32,-0.00833310159472,-8.33310159472,-0.000278899675319,-0.000541746431662,-0.00180196955944,-8.05379561771e-05,-0.00278482284309,-0.000334679610383,-0.00047794003711,-0.00154927774448,-0.000483227737062
32.5,-0.00833346090304,-8.33346090304,-0.00028348296766,-0.000550679381125,-0.00181050699046,-7.88137208502e-05,-0.00276009355556,-0.000340179561192,-0.000485839510495,-0.0015509828906,-0.000472882325101
33,-0.00833331009213,-8.33331009213,-0.000288044671675,-0.000559616389091,-0.00181898986566,-7.71001460086e-05,-0.0027349388924,-0.00034565360601,-0.000493770977627,-0.00155259466761,-0.000462600876051
33.5,-0.00833265819262,-8.33265819262,-0.000292584439973,-0.000568558345921,-0.0018274201415,-7.53977204142e-05,-0.00270936017932,-0.000351101327968,-0.000501736190914,-0.00155411352412,-0.000452386322485
34,-0.00833151403402,-8.33151403402,-0.000297101926833,-0.000577506211629,-0.00183579988339,-7.37069123979e-05,-0.00268335837909,-0.0003565223122,-0.000509737005244,-0.00155553992885,-0.000442241474387
34.5,-0.00832988623407,-8.32988623407,-0.000301596788231,-0.000586461019955,-0.0018441312713,-7.20281699364e-05,-0.00265693406429,-0.000361916145877,-0.000517775384057,-0.00155687437081,-0.000432169019618
35,-0.00832778318776,-8.32778318776,-0.000306068681865,-0.000595423882721,-0.00185241660571,-7.03619207634e-05,-0.00263008738849,-0.000367282418238,-0.000525853405843,-0.00155811735955,-0.00042217152458
35.5,-0.00832521305594,-8.32521305594,-0.000310517267183,-0.0006043959945,-0.001860658314,-6.87085725107e-05,-0.00260281805557,-0.00037262072062,-0.000533973271129,-0.00155926942536,-0.000412251435064
36,-0.00832218375338,-8.32218375338,-0.00031494220541,-0.000613378637634,-0.00186885895723,-6.70685128821e-05,-0.0025751252871,-0.000377930646492,-0.00054213730996,-0.00156033111939,-0.000402411077292
36.5,-0.00831870293623,-8.31870293623,-0.000319343159567,-0.000622373187619,-0.00187702123744,-6.54421098551e-05,-0.00254700778738,-0.000383211791481,-0.000550347989948,-0.00156130301382,-0.000392652659131
37,-0.00831477798856,-8.31477798856,-0.000323719794506,-0.000631381118896,-0.00188514800541,-6.38297119137e-05,-0.00251846370606,-0.000388463753408,-0.000558607924936,-0.00156218570195,-0.000382978271482
37.5,-0.00831041600802,-8.31041600802,-0.000328071776929,-0.000640404011086,-0.00189324226904,-6.22316483082e-05,-0.00248949059793,-0.000393686132315,-0.000566919884314,-0.00156297979826,-0.000373389889849
38,-0.00830562379027,-8.30562379027,-0.000332398775416,-0.000649443555711,-0.00190130720224,-6.06482293429e-05,-0.00246008537952,-0.000398878530499,-0.000575286803067,-0.00156368593842,-0.000363889376057
38.5,-0.00830040781203,-8.30040781203,-0.000336700460448,-0.000658501563435,-0.00190934615454,-5.90797466908e-05,-0.00243024428235,-0.000404040552538,-0.000583711792614,-0.00156430477926,-0.000354478480145
39,-0.00829477421247,-8.29477421247,-0.000340976504436,-0.000667579971898,-0.00191736266145,-5.7526473734e-05,-0.00239996280206,-0.000409171805324,-0.000592198152523,-0.00156483699864,-0.000345158842404
39.5,-0.00828872877272,-8.28872877272,-0.000345226581743,-0.000676680854169,-0.00192536045546,-5.598866593e-05,-0.00236923564332,-0.000414271898092,-0.000600749383162,-0.00156528329526,-0.00033593199558
40,-0.00828227689302,-8.28227689302,-0.000349450368708,-0.000685806427908,-0.00193334347804,-5.44665612023e-05,-0.0023380566597,-0.00041934044245,-0.000609369199412,-0.00156564438839,-0.000326799367214
40.5,-0.00827542356731,-8.27542356731,-0.000353647543674,-0.000694959065283,-0.00194131589247,-5.29603803564e-05,-0.00230641878797,-0.000424377052409,-0.000618061545516,-0.0015659210175,-0.000317762282139
41,-0.0082681733547,-8.2681733547,-0.000357817787009,-0.000704141303738,-0.00194928209774,-5.14703275191e-05,-0.00227431397626,-0.000429381344411,-0.000626830611196,-0.00156611394171,-0.000308821965114
41.5,-0.00826053034733,-8.26053034733,-0.000361960781134,-0.000713355857683,-0.00195724674353,-4.99965906018e-05,-0.00224173310503,-0.000434352937361,-0.000635680849163,-0.00156622393921,-0.000299979543611
42,-0.00825249813407,-8.25249813407,-0.000366076210543,-0.00072260563121,-0.0019652147464,-4.85393417879e-05,-0.00220866590018,-0.000439291452652,-0.000644616994163,-0.00156625180641,-0.000291236050727
42.5,-0.00824407975937,-8.24407975937,-0.00037016376183,-0.000731893731946,-0.00197319130739,-4.70987380426e-05,-0.00217510083706,-0.000444196514196,-0.000653644083722,-0.00156619835693,-0.000282592428256
43,-0.00823527767641,-8.23527767641,-0.000374223123713,-0.000741223486149,-0.001981181931,-4.5674921647e-05,-0.00214102503437,-0.000449067748456,-0.000662767480767,-0.00156606442044,-0.000274049529882
43.5,-0.00822609369367,-8.22609369367,-0.000378253987055,-0.000750598455206,-0.00198919244589,-4.42680207543e-05,-0.0021064241363,-0.000453904784466,-0.000671992898343,-0.00156585084113,-0.000265608124526
44,-0.00821652891379,-8.21652891379,-0.000382256044889,-0.000760022453666,-0.00199722902732,-4.28781499704e-05,-0.00207128218164,-0.000458707253867,-0.000681326426632,-0.00156555847599,-0.000257268899823
44.5,-0.00820658366348,-8.20658366348,-0.000386228992445,-0.000769499568996,-0.00200529822158,-4.1505410956e-05,-0.00203558145759,-0.000463474790934,-0.00069077456256,-0.00156518819268,-0.000249032465736
45,-0.00819625741288,-8.19625741288,-0.000390172527166,-0.000779034183247,-0.00201340697266,-4.0149893052e-05,-0.00199930233651,-0.000468207032599,-0.000700344242271,-0.00156474086706,-0.000240899358312
45.5,-0.00818554868258,-8.18554868258,-0.000394086348736,-0.000788630996863,-0.00202156265133,-3.88116739266e-05,-0.00196242309268,-0.000472903618484,-0.00071004287681,-0.0015642173802,-0.00023287004356
46,-0.00817445493627,-8.17445493627,-0.000397970159104,-0.000798295054876,-0.00202977308693,-3.74908202426e-05,-0.00192491969644,-0.000477564190925,-0.000719878391389,-0.00156361861491,-0.000224944921456
46.5,-0.00816297245618,-8.16297245618,-0.000401823662501,-0.000808031775787,-0.00203804660224,-3.61873883441e-05,-0.00188676558192,-0.000482188395001,-0.00072985926868,-0.00156294545165,-0.000217124330065
47,-0.00815109619851,-8.15109619851,-0.000405646565468,-0.000817846983458,-0.00204639205165,-3.49014249585e-05,-0.00184793138437,-0.000486775878561,-0.000739994596625,-0.00156219876367,-0.000209408549751
47.5,-0.0081388196249,-8.1388196249,-0.000409438576876,-0.000827746942386,-0.00205481886317,-3.36329679098e-05,-0.00180838464211,-0.000491326292251,-0.000750294121329,-0.00156137941141,-0.000201797807459
48,-0.00812613450559,-8.12613450559,-0.000413199407948,-0.000837738396817,-0.00206333708463,-3.2382046837e-05,-0.00176808945733,-0.000495839289537,-0.000760768305688,-0.00156048823578,-0.000194292281022
48.5,-0.00811303068867,-8.11303068867,-0.000416928772282,-0.000847828614169,-0.00207195743468,-3.11486839063e-05,-0.00172700610848,-0.000500314526738,-0.000771428394515,-0.00155952605046,-0.000186892103438
49,-0.0080994958288,-8.0994958288,-0.000420626385872,-0.000858025433367,-0.00208069135909,-2.99328945054e-05,-0.00168509060612,-0.000504751663047,-0.000782286487003,-0.00155849363275,-0.000179597367032
49.5,-0.00808551506709,-8.08551506709,-0.000424291967131,-0.000868337318742,-0.00208955109312,-2.87346878965e-05,-0.00164229418176,-0.000509150360557,-0.000793355617557,-0.00155739171295,-0.000172408127379
50,-0.00807107065208,-8.07107065208,-0.000427925236908,-0.000878773420283,-0.00209854973072,-2.75540678022e-05,-0.00159856269733,-0.00051351028429,-0.000804649846134,-0.0015562209618,-0.000165324406813
50.5,-0.00805614148901,-8.05614148901,-0.000431525918517,-0.000889343641125,-0.00210770130149,-2.63910328817e-05,-0.00155383596014,-0.000517831102221,-0.000816184359467,-0.00155498197587,-0.00015834619729
51,-0.00804070260179,-8.04070260179,-0.000435093737751,-0.000900058713356,-0.00211702085641,-2.52455770404e-05,-0.00150804692457,-0.000522112485301,-0.000827975584733,-0.00155367526038,-0.000151473462242
51.5,-0.00802472448767,-8.02472448767,-0.000438628422905,-0.00091093028335,-0.00212652456373,-2.41176894932e-05,-0.00146112075721,-0.000526354107486,-0.00084004131754,-0.001552301209,-0.000144706136959
52,-0.00800817233947,-8.00817233947,-0.000442129704799,-0.000921971008105,-0.00213622981622,-2.3007354467e-05,-0.00141297373681,-0.000530555645759,-0.000852400866399,-0.00155086008011,-0.000138044126802
52.5,-0.00799100510326,-7.99100510326,-0.000445597316795,-0.000933194664284,-0.00214615535177,-2.19145503823e-05,-0.00136351195242,-0.000534716780154,-0.000865075216272,-0.00154935196889,-0.000131487302294
53,-0.0079731743303,-7.9731743303,-0.000449030994819,-0.000944616272007,-0.00215632138911,-2.08392482903e-05,-0.00131262975394,-0.000538837193783,-0.000878087214228,-0.00154777677438,-0.000125035489742
53.5,-0.00795462276949,-7.95462276949,-0.000452430477383,-0.000956252235813,-0.00216674978113,-1.9781409244e-05,-0.00126020789623,-0.00054291657286,-0.00089146178086,-0.00154613416051,-0.000118688455464
54,-0.00793528263059,-7.93528263059,-0.0004557955056,-0.000968120505671,-0.0021774641886,-1.87409801492e-05,-0.00120611130113,-0.00054695460672,-0.000905226151787,-0.00154442351004,-0.000112445880895
54.5,-0.0079150734254,-7.9150734254,-0.000459125823208,-0.000980240761532,-0.00218849027756,-1.77178874446e-05,-0.00115018633883,-0.000550950987849,-0.000919410154448,-0.00154264386986,-0.000106307324668
55,-0.00789389926369,-7.89389926369,-0.000462421176587,-0.000992634625592,-0.00219985594452,-1.67120276742e-05,-0.00109225749894,-0.000554905411904,-0.000934046526484,-0.00154079388594,-0.000100272166045
55.5,-0.00787164543712,-7.87164543712,-0.00046568131478,-0.00100532590735,-0.00221159157415,-1.57232535883e-05,-0.00103212327901,-0.000558817577735,-0.000949171283289,-0.00153887172568,-9.43395215298e-05
56,-0.00784817406352,-7.84817406352,-0.000468905989508,-0.00101834088761,-0.00222373033541,-1.47513537791e-05,-0.000969551058099,-0.00056268718741,-0.000964824144012,-0.00153687498502,-8.85081226748e-05
56.5,-0.00782331847661,-7.82331847661,-0.000472094955196,-0.00103170864906,-0.00223630852308,-1.37960228976e-05,-0.000904270638442,-0.000566513946235,-0.000981049027356,-0.00153480057696,-8.27761373857e-05
57,-0.00779687591846,-7.79687591846,-0.000475247968983,-0.0010454614626,-0.00224936595357,-1.28568180257e-05,-0.000835966016049,-0.000570297562779,-0.000997894631127,-0.00153264459718,-7.71409081543e-05
57.5,-0.0077685979038,-7.7685979038,-0.000478364790743,-0.00105963524118,-0.00226294642541,-1.19330944916e-05,-0.000764264761734,-0.000574037748892,-0.00101541511287,-0.00153040216153,-7.15985669498e-05
58,-0.0077381773397,-7.7381773397,-0.000481445183106,-0.00107427007527,-0.00227709825791,-1.10239107859e-05,-0.000688724126302,-0.000577734219727,-0.00103367089317,-0.00152806720871,-6.61434647155e-05
58.5,-0.00770523104495,-7.70523104495,-0.000484488911469,-0.00108941086833,-0.00229187492424,-1.01278863796e-05,-0.000608812574352,-0.000581386693763,-0.00105272960873,-0.00152563225941,-6.07673182779e-05
59,-0.00766927561933,-7.66927561933,-0.000487495744015,-0.00110510809486,-0.00230733579984,-9.24298658232e-06,-0.000523884811141,-0.000584994892817,-0.00107266724948,-0.0015230881211,-5.54579194939e-05
59.5,-0.00762969348873,-7.62969348873,-0.000490465451724,-0.00112141871042,-0.00232354705214,-8.36619224473e-06,-0.000433147339008,-0.000588558542069,-0.00109356952356,-0.00152042352409,-5.01971534684e-05
60,-0.0075856840763,-7.5856840763,-0.000493397808391,-0.00113840725087,-0.00234058270523,-7.49298373578e-06,-0.000335609879054,-0.000592077370069,-0.00111553350623,-0.00151762467031,-4.49579024147e-05
60.5,-0.00753619181441,-7.53619181441,-0.000496292590625,-0.00115614716957,-0.00235852592239,-6.61651774475e-06,-0.000230015082828,-0.00059555110875,-0.0011386696456,-0.00151467467043,-3.96991064685e-05
61,-0.00747979691375,-7.47979691375,-0.000499149577856,-0.00117472247609,-0.0023774705625,-5.72628085328e-06,-0.000114733780436,-0.000598979493427,-0.00116310422071,-0.00151155283676,-3.43576851197e-05
61.5,-0.00741454394535,-7.41454394535,-0.000501968552316,-0.00119422976055,-0.0023975230837,-4.80582025537e-06,1.23966221629e-05,-0.000602362262779,-0.00118898237805,-0.00150823378833,-2.88349215322e-05
62,-0.00733762702196,-7.33762702196,-0.000504749353503,-0.00121478162101,-0.00241880604325,-3.82794972904e-06,0.000154364387933,-0.000605699224203,-0.00121647320732,-0.0015046863125,-2.29676983743e-05
62.5,-0.00724503022625,-7.24503022625,-0.000507491670964,-0.00123650641185,-0.00244145669647,-2.75035322244e-06,0.000315308560921,-0.000608990005157,-0.00124576961262,-0.00150087191755,-1.65021193346e-05
63,-0.00713052163573,-7.13052163573,-0.000510195288324,-0.00125955628427,-0.00246563571032,-1.49842319869e-06,0.000501431903518,-0.000612234345988,-0.00127710008042,-0.00149674286753,-8.99053919211e-06
63.5,-0.00698391385864,-6.98391385864,-0.000512860098726,-0.00128411265864,-0.00249153223723,6.447868456e-08,0.000722548473489,-0.000615432118472,-0.00131073686949,-0.00149223970037,3.8687210735e-07
64,-0.00678746756909,-6.78746756909,-0.000515485852813,-0.00131038882186,-0.00251936472181,2.20082124298e-06,0.00099523724839,-0.000618583023376,-0.00134700020942,-0.0014872879369,1.32049274579e-05
64.5,-0.00650642675488,-6.50642675488,-0.000518072350524,-0.00133864197566,-0.0025493927299,5.47832618425e-06,0.00135108852776,-0.000621686820629,-0.00138627614286,-0.00148179354635,3.28699571055e-05
65,-0.00605983892471,-6.05983892471,-0.000520619394239,-0.00136918440992,-0.00258192644882,1.13490461964e-05,0.00186186143757,-0.000624743273086,-0.00142903334179,-0.0014756368178,6.80942771784e-05
65.5,-0.00518281364176,-5.18281364176,-0.000523126779744,-0.0014023996688,-0.00261734055391,2.50198636936e-05,0.00275717751818,-0.000627752135693,-0.0014758473675,-0.00146866370015,0.000150119182161
66,-0.00398694059662,-3.98694059662,-0.000525614283191,-0.00143705729742,-0.00265429756904,4.46643860006e-05,0.00393420274212,-0.000630737139829,-0.0015248488063,-0.00146123894496,0.000267986316003
