q_deg,max_residual_mm,a_x_mm,a_y_mm,b_x_mm,b_y_mm,c_x_mm,c_y_mm,d_x_mm,d_y_mm,e_x_mm,e_y_mm,f_x_mm,f_y_mm,h_x_mm,h_y_mm,i_x_mm,i_y_mm
0,1.971116603e-10,0,-0,-1.731303315,24.23824641,39.23811639,14.99126589,39.17695473,-5.308641975,49.05349794,-0.9053497942,75.02402113,15.99576673,71.25907042,-3.850269299,107.8465706,6.037340745
0.5,1.725749854e-08,0,-0,-1.519721475,24.25243177,39.44611134,14.98957358,39.17695473,-5.308641975,49.05349794,-0.9053497942,75.24042991,15.62734997,71.21469838,-4.167434347,107.9291193,5.237952216
1,1.732180266e-08,0,-0,-1.308023901,24.26477021,39.6541508,14.98574848,39.17695473,-5.308641975,49.05349794,-0.9053497942,75.45312616,15.25660509,71.16591534,-4.483197937,108.0015322,4.435733273
1.5,1.738415278e-08,0,-0,-1.096226717,24.2752608,39.86221803,14.97978858,39.17695473,-5.308641975,49.05349794,-0.9053497942,75.6620887,14.88355947,71.11276484,-4.797488588,108.0637252,3.630828542
2,1.744480471e-08,0,-0,-0.8843460513,24.28390274,40.07029629,14.97169187,39.17695473,-5.308641975,49.05349794,-0.9053497942,75.86729634,14.50824054,71.05529183,-5.110235772,108.1156165,2.823384984
2.5,1.750406398e-08,0,-0,-0.6723980389,24.29069536,40.27836875,14.96145638,39.17695473,-5.308641975,49.05349794,-0.9053497942,76.06872784,14.13067585,70.99354266,-5.421369973,108.1571262,2.013551849
3,1.756217216e-08,0,-0,-0.4603988207,24.29563815,40.48641856,14.94908012,39.17695473,-5.308641975,49.05349794,-0.9053497942,76.26636193,13.75089301,70.92756504,-5.730822725,108.1881766,1.20148063
3.5,1.761949164e-08,0,-0,-0.2483645414,24.29873073,40.69442882,14.93456114,39.17695473,-5.308641975,49.05349794,-0.9053497942,76.46017734,13.36891976,70.85740804,-6.038526663,108.2086922,0.3873250075
4,1.767629243e-08,0,-0,-0.03631134821,24.29997287,40.9023826,14.91789749,39.17695473,-5.308641975,49.05349794,-0.9053497942,76.65015276,12.98478388,70.78312205,-6.344415558,108.2186,-0.4287592046
4.5,1.773292979e-08,0,-0,0.1757446103,24.29936447,41.11026291,14.89908723,39.17695473,-5.308641975,49.05349794,-0.9053497942,76.83626687,12.59851328,70.70475876,-6.648424363,108.2178291,-1.246614114
5,1.778974479e-08,0,-0,0.3877871851,24.29690559,41.31805273,14.87812843,39.17695473,-5.308641975,49.05349794,-0.9053497942,77.01849832,12.21013591,70.6223711,-6.950489254,108.2063111,-2.066079811
5.5,1.78470998e-08,0,-0,0.5998002284,24.2925964,41.525735,14.85501918,39.17695473,-5.308641975,49.05349794,-0.9053497942,77.19682574,11.81967985,70.53601326,-7.250547667,108.1839801,-2.886994429
6,1.790538562e-08,0,-0,0.8117675947,24.28643723,41.73329262,14.82975758,39.17695473,-5.308641975,49.05349794,-0.9053497942,77.37122774,11.4271732,70.44574061,-7.548538334,108.1507726,-3.70919421
6.5,1.796495042e-08,0,-0,1.023673142,24.27842856,41.94070845,14.80234172,39.17695473,-5.308641975,49.05349794,-0.9053497942,77.54168289,11.0326442,70.35160969,-7.844401327,108.1066279,-4.532513568
7,1.802621341e-08,0,-0,1.235500732,24.26857099,42.14796532,14.77276973,39.17695473,-5.308641975,49.05349794,-0.9053497942,77.70816974,10.63612112,70.25367817,-8.138078084,108.0514878,-5.356785159
7.5,1.808959382e-08,0,-0,1.447234234,24.25686528,42.35504601,14.74103971,39.17695473,-5.308641975,49.05349794,-0.9053497942,77.87066682,10.23763233,70.1520048,-8.429511453,107.9852967,-6.181839947
8,1.815551798e-08,0,-0,1.658857524,24.24331231,42.56193326,14.7071498,39.17695473,-5.308641975,49.05349794,-0.9053497942,78.02915263,9.83720625,70.04664938,-8.718645714,107.9080018,-7.007507279
8.5,1.822441931e-08,0,-0,1.870354485,24.22791312,42.76860979,14.67109811,39.17695473,-5.308641975,49.05349794,-0.9053497942,78.18360562,9.43487139,69.93767271,-9.005426621,107.8195531,-7.833614952
9,1.829676677e-08,0,-0,2.081709012,24.21066888,42.97505827,14.63288278,39.17695473,-5.308641975,49.05349794,-0.9053497942,78.33400422,9.030656316,69.82513657,-9.28980142,107.7199032,-8.659989294
9.5,1.837306485e-08,0,-0,2.292905008,24.1915809,43.18126134,14.59250193,39.17695473,-5.308641975,49.05349794,-0.9053497942,78.48032681,8.624589659,69.70910365,-9.571718886,107.6090078,-9.48645523
10,1.845372566e-08,0,-0,2.503926391,24.17065065,43.38720158,14.54995368,39.17695473,-5.308641975,49.05349794,-0.9053497942,78.62255172,8.216700116,69.58963752,-9.851129344,107.4868251,-10.31283636
10.5,1.853931764e-08,0,-0,2.71475709,24.1478797,43.59286157,14.50523616,39.17695473,-5.308641975,49.05349794,-0.9053497942,78.76065724,7.807016439,69.46680257,-10.12798469,107.3533165,-11.13895505
11,1.863035948e-08,0,-0,2.925381049,24.1232698,43.79822383,14.45834748,39.17695473,-5.308641975,49.05349794,-0.9053497942,78.89462162,7.395567442,69.340664,-10.40223843,107.2084462,-11.96463248
11.5,1.872734856e-08,0,-0,3.13578223,24.09682282,44.00327084,14.40928573,39.17695473,-5.308641975,49.05349794,-0.9053497942,79.02442303,6.982381989,69.21128771,-10.67384568,107.0521811,-12.78968874
12,1.883091016e-08,0,-0,3.345944609,24.06854077,44.20798506,14.358049,39.17695473,-5.308641975,49.05349794,-0.9053497942,79.15003959,6.567488999,69.07874033,-10.94276319,106.8844912,-13.61394291
12.5,1.89415772e-08,0,-0,3.555852181,24.03842581,44.4123489,14.30463536,39.17695473,-5.308641975,49.05349794,-0.9053497942,79.27144934,6.150917439,68.9430891,-11.20894935,106.7053496,-14.43721313
13,1.905996072e-08,0,-0,3.765488961,24.00648023,44.61634472,14.24904287,39.17695473,-5.308641975,49.05349794,-0.9053497942,79.38863026,5.732696322,68.80440186,-11.47236426,106.5147319,-15.25931668
13.5,1.918671444e-08,0,-0,3.974838984,23.97270646,44.81995488,14.19126955,39.17695473,-5.308641975,49.05349794,-0.9053497942,79.50156023,5.312854703,68.662747,-11.73296966,106.3126171,-16.08007006
14,1.932244942e-08,0,-0,4.183886309,23.93710708,45.02316165,14.13131339,39.17695473,-5.308641975,49.05349794,-0.9053497942,79.61021705,4.89142168,68.51819338,-11.99072899,106.0989869,-16.89928906
14.5,1.946784778e-08,0,-0,4.392615014,23.8996848,45.2259473,14.06917237,39.17695473,-5.308641975,49.05349794,-0.9053497942,79.71457842,4.468426387,68.37081032,-12.24560741,105.8738259,-17.71678882
15,1.962362717e-08,0,-0,4.601009204,23.86044246,45.42829405,14.00484442,39.17695473,-5.308641975,49.05349794,-0.9053497942,79.81462194,4.043897991,68.22066754,-12.49757176,105.6371217,-18.53238396
15.5,1.979052655e-08,0,-0,4.80905301,23.81938306,45.63018406,13.93832743,39.17695473,-5.308641975,49.05349794,-0.9053497942,79.9103251,3.617865691,68.06783506,-12.74659062,105.3888649,-19.34588859
16,1.996927779e-08,0,-0,5.016730588,23.77650971,45.83159947,13.86961925,39.17695473,-5.308641975,49.05349794,-0.9053497942,80.00166523,3.190358715,67.91238324,-12.99263425,105.1290488,-20.15711642
16.5,2.016071221e-08,0,-0,5.224026122,23.7318257,46.03252236,13.79871767,39.17695473,-5.308641975,49.05349794,-0.9053497942,80.08861958,2.761406314,67.75438266,-13.23567466,104.8576698,-20.96588081
17,2.036564695e-08,0,-0,5.430923826,23.68533442,46.23293478,13.72562044,39.17695473,-5.308641975,49.05349794,-0.9053497942,80.17116522,2.331037761,67.59390406,-13.47568556,104.5747268,-21.77199485
17.5,2.058497728e-08,0,-0,5.637407945,23.6370394,46.43281872,13.65032524,39.17695473,-5.308641975,49.05349794,-0.9053497942,80.24927908,1.899282346,67.43101838,-13.71264236,104.280222,-22.57527145
18,2.081961981e-08,0,-0,5.843462753,23.58694433,46.63215614,13.57282968,39.17695473,-5.308641975,49.05349794,-0.9053497942,80.32293791,1.466169374,67.26579661,-13.9465222,103.9741599,-23.37552335
18.5,2.107053376e-08,0,-0,6.049072559,23.53505303,46.83092893,13.49313132,39.17695473,-5.308641975,49.05349794,-0.9053497942,80.39211829,1.031728161,67.09830979,-14.1773039,103.6565482,-24.17256321
19,2.133874943e-08,0,-0,6.254221705,23.48136944,47.02911893,13.41122761,39.17695473,-5.308641975,49.05349794,-0.9053497942,80.4567966,0.5959880285,66.92862897,-14.40496797,103.3273968,-24.96620371
19.5,2.162533264e-08,0,-0,6.458894567,23.42589766,47.22670795,13.32711594,39.17695473,-5.308641975,49.05349794,-0.9053497942,80.51694903,0.1589783035,66.75682514,-14.62949663,102.9867188,-25.75625753
20,2.193141313e-08,0,-0,6.66307556,23.3686419,47.42367773,13.24079359,39.17695473,-5.308641975,49.05349794,-0.9053497942,80.57255154,-0.2792716884,66.58296919,-14.85087374,102.6345295,-26.54253747
20.5,2.225823437e-08,0,-0,6.866749133,23.30960652,47.62000994,13.15225775,39.17695473,-5.308641975,49.05349794,-0.9053497942,80.62357984,-0.7187326254,66.40713188,-15.06908481,102.270847,-27.32485645
21,2.260703269e-08,0,-0,7.069899777,23.24879604,47.81568621,13.06150551,39.17695473,-5.308641975,49.05349794,-0.9053497942,80.6700094,-1.159375194,66.22938376,-15.28411702,101.8956918,-28.10302762
21.5,2.297913682e-08,0,-0,7.272512021,23.18621506,48.0106881,12.96853381,39.17695473,-5.308641975,49.05349794,-0.9053497942,80.71181542,-1.601170092,66.04979517,-15.49595913,101.509087,-28.87686432
22,2.337603888e-08,0,-0,7.474570435,23.12186837,48.20499711,12.87333952,39.17695473,-5.308641975,49.05349794,-0.9053497942,80.74897282,-2.044088034,65.86843618,-15.70460155,101.1110579,-29.64618021
22.5,2.379920971e-08,0,-0,7.676059631,23.05576085,48.39859465,12.77591932,39.17695473,-5.308641975,49.05349794,-0.9053497942,80.7814562,-2.488099753,65.68537652,-15.91003624,100.7016322,-30.41078923
23,2.425029066e-08,0,-0,7.876964266,22.98789755,48.59146209,12.67626979,39.17695473,-5.308641975,49.05349794,-0.9053497942,80.80923982,-2.933176009,65.50068561,-16.11225672,100.28084,-31.1705057
23.5,2.473101546e-08,0,-0,8.077269039,22.91828364,48.78358071,12.57438734,39.17695473,-5.308641975,49.05349794,-0.9053497942,80.83229763,-3.379287589,65.31443244,-16.31125806,99.84871337,-31.92514427
24,2.52432244e-08,0,-0,8.276958697,22.8469244,48.9749317,12.47026821,39.17695473,-5.308641975,49.05349794,-0.9053497942,80.85060318,-3.826405312,65.1266856,-16.50703685,99.40528664,-32.67452004
24.5,2.578887148e-08,0,-0,8.476018033,22.77382529,49.16549619,12.36390848,39.17695473,-5.308641975,49.05349794,-0.9053497942,80.86412963,-4.274500035,64.93751319,-16.69959115,98.95059614,-33.41844848
25,2.637008834e-08,0,-0,8.674431887,22.69899186,49.3552552,12.25530404,39.17695473,-5.308641975,49.05349794,-0.9053497942,80.87284973,-4.723542657,64.74698284,-16.88892049,98.48468017,-34.1567455
25.5,2.698912027e-08,0,-0,8.872185149,22.62242981,49.54418967,12.14445058,39.17695473,-5.308641975,49.05349794,-0.9053497942,80.87673577,-5.173504123,64.55516165,-17.07502582,98.00757892,-34.88922748
26,2.764839735e-08,0,-0,9.06926276,22.54414498,49.73228044,12.03134358,39.17695473,-5.308641975,49.05349794,-0.9053497942,80.87575958,-5.624355428,64.36211613,-17.25790952,97.51933435,-35.61571119
26.5,2.835049173e-08,0,-0,9.265649712,22.46414333,49.91950826,11.9159783,39.17695473,-5.308641975,49.05349794,-0.9053497942,80.86989249,-6.076067625,64.16791225,-17.43757531,97.01999015,-36.33601388
27,2.909821006e-08,0,-0,9.461331048,22.38243094,50.10585376,11.79834976,39.17695473,-5.308641975,49.05349794,-0.9053497942,80.85910528,-6.528611823,63.97261534,-17.61402828,96.5095916,-37.0499532
27.5,2.989455794e-08,0,-0,9.656291868,22.29901404,50.29129744,11.67845272,39.17695473,-5.308641975,49.05349794,-0.9053497942,80.84336819,-6.981959202,63.77629008,-17.78727481,95.98818554,-37.75734724
28,3.074274701e-08,0,-0,9.850517324,22.21389899,50.47581971,11.55628169,39.17695473,-5.308641975,49.05349794,-0.9053497942,80.82265084,-7.436081006,63.57900051,-17.95732257,95.45582021,-38.45801447
28.5,3.164626605e-08,0,-0,10.04399262,22.12709227,50.65940084,11.43183088,39.17695473,-5.308641975,49.05349794,-0.9053497942,80.79692222,-7.89094856,63.38080999,-18.12418047,94.91254518,-39.15177373
29,3.260888803e-08,0,-0,10.23670304,22.03860048,50.84202096,11.30509421,39.17695473,-5.308641975,49.05349794,-0.9053497942,80.76615065,-8.346533265,63.18178116,-18.28785864,94.35841128,-39.83844418
29.5,3.363462753e-08,0,-0,10.42863388,21.94843036,51.02366007,11.17606527,39.17695473,-5.308641975,49.05349794,-0.9053497942,80.73030375,-8.80280661,62.98197596,-18.44836836,93.79347042,-40.51784529
30,3.472791121e-08,0,-0,10.61977055,21.85658879,51.204298,11.04473731,39.17695473,-5.308641975,49.05349794,-0.9053497942,80.68934835,-9.259740174,62.7814556,-18.60572208,93.21777557,-41.18979676
30.5,3.58934571e-08,0,-0,10.81009848,21.76308275,51.38391444,10.91110324,39.17695473,-5.308641975,49.05349794,-0.9053497942,80.64325051,-9.717305631,62.58028052,-18.75993334,92.6313806,-41.85411846
31,3.71364024e-08,0,-0,10.99960318,21.66791937,51.56248889,10.77515558,39.17695473,-5.308641975,49.05349794,-0.9053497942,80.59197543,-10.17547476,62.37851044,-18.91101674,92.03434018,-42.51063041
31.5,3.846230356e-08,0,-0,11.18827021,21.5711059,51.7400007,10.63688643,39.17695473,-5.308641975,49.05349794,-0.9053497942,80.53548741,-10.63421944,62.1762043,-19.05898795,91.42670967,-43.15915265
32,3.987723574e-08,0,-0,11.37608522,21.4726497,51.916429,10.4962875,39.17695473,-5.308641975,49.05349794,-0.9053497942,80.47374981,-11.09351168,61.97342028,-19.20386359,90.80854502,-43.79950517
32.5,4.138774301e-08,0,-0,11.56303389,21.37255827,52.09175272,10.35335002,39.17695473,-5.308641975,49.05349794,-0.9053497942,80.40672496,-11.55332358,61.77021579,-19.34566128,90.17990261,-44.43150785
33,4.300099476e-08,0,-0,11.749102,21.27083925,52.2659506,10.20806474,39.17695473,-5.308641975,49.05349794,-0.9053497942,80.33437413,-12.01362738,61.56664747,-19.48439954,89.54083918,-45.05498032
33.5,4.472475723e-08,0,-0,11.93427536,21.16750036,52.43900113,10.06042194,39.17695473,-5.308641975,49.05349794,-0.9053497942,80.25665748,-12.47439546,61.36277119,-19.62009779,88.89141168,-45.66974186
34,4.656754271e-08,0,-0,12.11853988,21.06254949,52.61088256,9.910411331,39.17695473,-5.308641975,49.05349794,-0.9053497942,80.17353395,-12.93560033,61.15864208,-19.7527763,88.23167715,-46.27561129
34.5,4.853858826e-08,0,-0,12.30188153,20.95599463,52.78157288,9.758022071,39.17695473,-5.308641975,49.05349794,-0.9053497942,80.08496121,-13.39721462,60.95431451,-19.88245615,87.56169258,-46.87240679
35,5.064805464e-08,0,-0,12.48428634,20.84784388,52.95104981,9.603242718,39.17695473,-5.308641975,49.05349794,-0.9053497942,79.99089559,-13.85921114,60.74984209,-20.0091592,86.88151482,-47.45994579
35.5,5.290702632e-08,0,-0,12.66574043,20.73810549,53.11929079,9.446061197,39.17695473,-5.308641975,49.05349794,-0.9053497942,79.891292,-14.32156283,60.54527775,-20.13290807,86.19120038,-48.03804481
36,5.532763225e-08,0,-0,12.84622997,20.62678781,53.28627292,9.28646476,39.17695473,-5.308641975,49.05349794,-0.9053497942,79.78610383,-14.7842428,60.34067368,-20.25372607,85.49080535,-48.60651925
36.5,5.792323776e-08,0,-0,13.02574122,20.51389933,53.451973,9.124439948,39.17695473,-5.308641975,49.05349794,-0.9053497942,79.67528287,-15.24722434,60.1360814,-20.37163717,84.78038524,-49.1651832
37,6.070848002e-08,0,-0,13.20426051,20.39944863,53.61636746,8.959972551,39.17695473,-5.308641975,49.05349794,-0.9053497942,79.55877922,-15.71048089,59.93155178,-20.48666602,84.05999482,-49.71384928
37.5,6.369948835e-08,0,-0,13.38177425,20.28344443,53.77943235,8.793047559,39.17695473,-5.308641975,49.05349794,-0.9053497942,79.43654116,-16.17398608,59.72713507,-20.59883783,83.32968801,-50.25232834
38,6.691404053e-08,0,-0,13.55826891,20.16589557,53.94114334,8.623649118,39.17695473,-5.308641975,49.05349794,-0.9053497942,79.30851507,-16.63771372,59.52288092,-20.70817839,82.58951768,-50.78042928
38.5,7.037176175e-08,0,-0,13.73373106,20.046811,54.10147566,8.451760478,39.17695473,-5.308641975,49.05349794,-0.9053497942,79.1746453,-17.10163783,59.31883843,-20.81471405,81.83953554,-51.29795874
39,7.409434488e-08,0,-0,13.90814732,19.92619979,54.26040407,8.277363939,39.17695473,-5.308641975,49.05349794,-0.9053497942,79.03487404,-17.5657326,59.11505621,-20.91847163,81.07979195,-51.80472083
39.5,7.810579206e-08,0,-0,14.08150443,19.80407112,54.41790286,8.100440792,39.17695473,-5.308641975,49.05349794,-0.9053497942,78.88914119,-18.02997244,58.9115824,-21.01947844,80.31033575,-52.3005168
40,8.243276284e-08,0,-0,14.25378918,19.68043429,54.57394581,7.920971263,39.17695473,-5.308641975,49.05349794,-0.9053497942,78.73738422,-18.49433198,58.70846475,-21.11776223,79.53121414,-52.78514472
40.5,8.710487265e-08,0,-0,14.42498845,19.55529872,54.72850611,7.738934437,39.17695473,-5.308641975,49.05349794,-0.9053497942,78.57953802,-18.95878604,58.50575068,-21.21335114,78.74247242,-53.25839912
41,9.215506935e-08,0,-0,14.5950892,19.42867394,54.8815564,7.554308201,39.17695473,-5.308641975,49.05349794,-0.9053497942,78.4155347,-19.42330968,58.30348736,-21.3062737,77.94415388,-53.72007054
41.5,9.762012354e-08,0,-0,14.76407848,19.3005696,55.03306863,7.367069155,39.17695473,-5.308641975,49.05349794,-0.9053497942,78.24530348,-19.88787819,58.10172176,-21.39655879,77.13629958,-54.16994517
42,1.035411401e-07,0,-0,14.93194341,19.17099543,55.18301412,7.177192542,39.17695473,-5.308641975,49.05349794,-0.9053497942,78.06877044,-20.35246709,57.90050075,-21.48423562,76.31894816,-54.60780431
42.5,1.099641125e-07,0,-0,15.09867122,19.03996133,55.33136342,6.984652157,39.17695473,-5.308641975,49.05349794,-0.9053497942,77.88585833,-20.81705213,57.69987124,-21.56933366,75.49213562,-55.03342392
43,1.1694069e-07,0,-0,15.26424921,18.90747725,55.47808632,6.789420252,39.17695473,-5.308641975,49.05349794,-0.9053497942,77.69648637,-21.28160932,57.49988022,-21.65188268,74.65589512,-55.44657401
43.5,1.245289667e-07,0,-0,15.42866476,18.7735533,55.62315176,6.59146744,39.17695473,-5.308641975,49.05349794,-0.9053497942,77.50057,-21.74611491,57.30057493,-21.73191268,73.81025677,-55.84701806
44,1.327944048e-07,0,-0,15.59190537,18.63819967,55.76652778,6.390762585,39.17695473,-5.308641975,49.05349794,-0.9053497942,77.29802062,-22.2105454,57.10200298,-21.80945387,72.95524737,-56.23451237
44.5,1.4181105e-07,0,-0,15.75395858,18.50142667,55.90818144,6.187272687,39.17695473,-5.308641975,49.05349794,-0.9053497942,77.08874533,-22.67487754,56.90421253,-21.88453665,72.09089019,-56.60880529
45,1.516626966e-07,0,-0,15.91481208,18.36324471,56.04807876,5.980962755,39.17695473,-5.308641975,49.05349794,-0.9053497942,76.87264661,-23.13908835,56.70725241,-21.95719159,71.21720469,-56.96963647
45.5,1.624446071e-07,0,-0,16.0744536,18.22366433,56.18618466,5.771795675,39.17695473,-5.308641975,49.05349794,-0.9053497942,76.64962201,-23.60315512,56.51117235,-22.02744943,70.33420629,-57.31673597
46,1.742652671e-07,0,-0,16.23287099,18.08269613,56.3224628,5.559732059,39.17695473,-5.308641975,49.05349794,-0.9053497942,76.41956382,-24.06705538,56.31602318,-22.09534101,69.44190605,-57.64982332
46.5,1.872486166e-07,0,-0,16.39005218,17.94035088,56.45687559,5.34473009,39.17695473,-5.308641975,49.05349794,-0.9053497942,76.18235863,-24.53076693,56.12185709,-22.16089729,68.54031036,-57.96860642
47,2.015366363e-07,0,-0,16.5459852,17.79663939,56.58938399,5.12674535,39.17695473,-5.308641975,49.05349794,-0.9053497942,75.93788698,-24.99426784,55.92872789,-22.22414933,67.62942068,-58.27278042
47.5,2.172925804e-07,0,-0,16.70065819,17.65157262,56.71994746,4.90573063,39.17695473,-5.308641975,49.05349794,-0.9053497942,75.6860229,-25.45753642,55.73669131,-22.28512826,66.70923317,-58.56202643
48,2.347046859e-07,0,-0,16.85405935,17.50516162,56.84852379,4.68163573,39.17695473,-5.308641975,49.05349794,-0.9053497942,75.42663338,-25.92055125,55.54580538,-22.34386525,65.77973833,-58.83601008
48.5,2.539908408e-07,0,-0,17.00617702,17.35741753,56.97506901,4.454407233,39.17695473,-5.308641975,49.05349794,-0.9053497942,75.15957789,-26.38329114,55.35613081,-22.40039154,64.84092062,-59.0943799
49,2.754041262e-07,0,-0,17.15699959,17.2083516,57.0995372,4.223988268,39.17695473,-5.308641975,49.05349794,-0.9053497942,74.88470773,-26.84573516,55.16773146,-22.4547384,63.89275809,-59.33676561
49.5,2.992397228e-07,0,-0,17.3065156,17.0579752,57.22188036,3.990318243,39.17695473,-5.308641975,49.05349794,-0.9053497942,74.60186547,-27.30786257,54.98067486,-22.50693711,62.93522194,-59.5627761
50,3.258432315e-07,0,-0,17.45471364,16.90629976,57.34204817,3.753332551,39.17695473,-5.308641975,49.05349794,-0.9053497942,74.31088416,-27.76965288,54.79503279,-22.55701897,61.96827602,-59.77199723
50.5,3.556211823e-07,0,-0,17.60158245,16.75333684,57.45998788,3.51296226,39.17695473,-5.308641975,49.05349794,-0.9053497942,74.01158664,-28.23108575,54.61088204,-22.60501529,60.99187641,-59.96398929
51,3.890539091e-07,0,-0,17.74711082,16.59909809,57.57564398,3.269133755,39.17695473,-5.308641975,49.05349794,-0.9053497942,73.70378461,-28.69214103,54.42830516,-22.65095736,60.00597084,-60.13828422
51.5,4.267117362e-07,0,-0,17.89128768,16.44359526,57.68895803,3.021768357,39.17695473,-5.308641975,49.05349794,-0.9053497942,73.38727774,-29.15279869,54.2473914,-22.69487645,59.01049815,-60.29438238
52,4.692755127e-07,0,-0,18.03410205,16.28684018,57.79986838,2.770781894,39.17695473,-5.308641975,49.05349794,-0.9053497942,73.06185262,-29.61303882,54.06823784,-22.73680382,58.00538769,-60.43174892
52.5,5.175624196e-07,0,-0,18.17554306,16.12884479,57.9083098,2.516084232,39.17695473,-5.308641975,49.05349794,-0.9053497942,72.72728158,-30.07284154,53.89095069,-22.77677069,56.99055864,-60.54980962
53,5.725593297e-07,0,-0,18.31559993,15.96962113,58.01421322,2.257578751,39.17695473,-5.308641975,49.05349794,-0.9053497942,72.38332143,-30.53218699,53.71564677,-22.81480824,55.96591936,-60.64794605
53.5,6.354655824e-07,0,-0,18.45426199,15.80918133,58.11750526,1.995161762,39.17695473,-5.308641975,49.05349794,-0.9053497942,72.02971204,-30.99105523,53.54245532,-22.8509476,54.93136655,-60.72549015
54,7.077488959e-07,0,-0,18.59151869,15.64753759,58.2181079,1.728721862,39.17695473,-5.308641975,49.05349794,-0.9053497942,71.66617471,-31.4494262,53.3715202,-22.8852198,53.88678449,-60.78171774
54.5,7.912188238e-07,0,-0,18.72735957,15.48470223,58.3159379,1.458139204,39.17695473,-5.308641975,49.05349794,-0.9053497942,71.29241039,-31.90727961,53.20300244,-22.91765576,52.83204414,-60.81584107
55,8.881243758e-07,0,-0,18.8617743,15.32068765,58.4109063,1.183284688,39.17695473,-5.308641975,49.05349794,-0.9053497942,70.9080977,-32.36459481,53.03708338,-22.94828628,51.76700213,-60.8270001
55.5,1.001285291e-06,0,-0,18.99475262,15.15550635,58.50291779,0.9040190487,39.17695473,-5.308641975,49.05349794,-0.9053497942,70.5128906,-32.82135072,52.87396846,-22.97714191,50.69149977,-60.81425208
56,1.134270669e-06,0,-0,19.12628442,14.98917089,58.59187001,0.6201918192,39.17695473,-5.308641975,49.05349794,-0.9053497942,70.10641592,-33.27752561,52.71389189,-23.0042529,49.60536185,-60.77655925
56.5,1.291645297e-06,0,-0,19.25635968,14.82169395,58.67765275,0.3316401692,39.17695473,-5.308641975,49.05349794,-0.9053497942,69.68827038,-33.73309695,52.55712239,-23.02964907,48.50839542,-60.71277405
57,1.479314626e-06,0,-0,19.3849685,14.65308828,58.76014702,0.03818757881,39.17695473,-5.308641975,49.05349794,-0.9053497942,69.2580173,-34.18804121,52.4039704,-23.05335959,47.40038842,-60.62162118
57.5,1.705015201e-06,0,-0,19.51210107,14.48336672,58.839224,-0.2603576724,39.17695473,-5.308641975,49.05349794,-0.9053497942,68.81518289,-34.64233353,52.25479706,-23.07541267,46.28110818,-60.50167578
58,1.979025207e-06,0,-0,19.63774772,14.3125422,58.91474383,-0.5642042333,39.17695473,-5.308641975,49.05349794,-0.9053497942,68.35925182,-35.09594746,52.11002573,-23.09583521,45.15029979,-60.35133635
58.5,2.315213699e-06,0,-0,19.76189888,14.14062772,58.98655421,-0.8735796686,39.17695473,-5.308641975,49.05349794,-0.9053497942,67.88966231,-35.54885458,51.97015673,-23.11465208,44.00768426,-60.16879095
59,2.732625049e-06,0,-0,19.8845451,13.96763637,59.05448873,-1.188732752,39.17695473,-5.308641975,49.05349794,-0.9053497942,67.40580035,-36.00102399,51.83578666,-23.13188523,42.85295651,-59.95197444
59.5,3.257931432e-06,0,-0,20.00567703,13.79358134,59.11836504,-1.50993613,39.17695473,-5.308641975,49.05349794,-0.9053497942,66.90699298,-36.4524218,51.70763385,-23.14755231,41.68578311,-59.69851338
60,3.929336671e-06,0,-0,20.12528545,13.61847587,59.17798252,-1.837489422,39.17695473,-5.308641975,49.05349794,-0.9053497942,66.39250047,-36.90301044,51.58657269,-23.16166453,40.50579964,-59.40565392
60.5,4.802991661e-06,0,-0,20.24336125,13.44233331,59.23311969,-2.171722863,39.17695473,-5.308641975,49.05349794,-0.9053497942,65.86150707,-37.35274785,51.47368065,-23.17422345,39.31260766,-59.07016567
61,5.963931173e-06,0,-0,20.35989544,13.26516706,59.28353104,-2.513001597,39.17695473,-5.308641975,49.05349794,-0.9053497942,65.31311022,-37.80158641,51.37030413,-23.1852159,38.10577092,-58.68821029
61.5,7.545528362e-06,0,-0,20.47487914,13.08699061,59.32894332,-2.861730773,39.17695473,-5.308641975,49.05349794,-0.9053497942,64.74630751,-38.2494718,51.27815324,-23.19460603,36.88481055,-58.25515735
62,9.765877614e-06,0,-0,20.5883036,12.90781755,59.36905094,-3.218361642,39.17695473,-5.308641975,49.05349794,-0.9053497942,64.1599812,-38.69634135,51.1994419,-23.20232213,35.64919822,-57.76531768
62.5,1.293187779e-11,0,-0,20.70016023,12.72766146,59.40351002,-3.583399665,39.17695473,-5.308641975,49.05349794,-0.9053497942,63.5528776,-39.14212221,51.1371163,-23.20823155,34.39834153,-57.21151697
63,2.705746738e-11,0,-0,20.81044043,12.54653615,59.43193372,-3.957410534,39.17695473,-5.308641975,49.05349794,-0.9053497942,62.92359151,-39.58672888,51.09515456,-23.21211196,33.13158145,-56.5845563
63.5,6.587441703e-11,0,-0,20.91913582,12.36445537,59.45388096,-4.341035259,39.17695473,-5.308641975,49.05349794,-0.9053497942,62.2705278,-40.03006019,51.07921444,-23.21356516,31.84813776,-55.87203557
64,1.943902816e-10,0,-0,21.02623814,12.18143298,59.46884809,-4.735001047,39.17695473,-5.308641975,49.05349794,-0.9053497942,61.59187337,-40.47199538,51.0976606,-23.21188245,30.54705201,-55.05654427
64.5,7.4436457e-10,0,-0,21.13173924,11.99748294,59.47625538,-5.140138883,39.17695473,-5.308641975,49.05349794,-0.9053497942,60.88555195,-40.91238907,51.16370678,-23.20573138,29.22701896,-54.11190758
65,4.185821467e-09,0,-0,21.23563106,11.81261924,59.47543046,-5.557404995,39.17695473,-5.308641975,49.05349794,-0.9053497942,60.14916879,-41.35106472,51.30031247,-23.19238245,27.88593558,-52.99468027
65.5,4.505828599e-08,0,-0,21.33790572,11.62685596,59.46558695,-5.987908405,39.17695473,-5.308641975,49.05349794,-0.9053497942,59.37993955,-41.78780595,51.55411282,-23.16533466,26.51937698,-51.62007073
66,1.988335292e-06,0,-0,21.4385554,11.44020727,59.44579632,-6.432946789,39.17695473,-5.308641975,49.05349794,-0.9053497942,58.57459741,-42.22234483,52.05515623,-23.10332472,25.11282704,-49.75892541
