q_deg,max_residual_mm,a_x_mm,a_y_mm,b_x_mm,b_y_mm,c_x_mm,c_y_mm,d_x_mm,d_y_mm,e_x_mm,e_y_mm,f_x_mm,f_y_mm,g_x_mm,g_y_mm,h_x_mm,h_y_mm
0,7.105427358e-15,-53.08694786,0,-53.08694786,41.21262052,-2.77266492,17.79850392,0,0,14.43707017,8.19363334,42.20233335,-2.405374835,47.71242901,27.33147345,96.69943807,9.1721112
0.5,1.337411028e-06,-53.08694786,0,-52.72730442,41.21105126,-2.386315105,17.85440896,0,0,14.43707017,8.19363334,41.86088043,-3.259904269,48.29350617,26.29111313,96.69181043,6.616417487
1,1.23270582e-06,-53.08694786,0,-52.36768842,41.20634363,-2.002699691,17.90149748,0,0,14.43707017,8.19363334,41.50002767,-4.088272792,48.84646518,25.24892474,96.61099994,4.081999545
1.5,1.142482809e-06,-53.08694786,0,-52.00812719,41.19849798,-1.621706788,17.94002465,0,0,14.43707017,8.19363334,41.12122268,-4.890895168,49.37215552,24.20486758,96.4586694,1.569724284
2,1.06414419e-06,-53.08694786,0,-51.64864811,41.1875149,-1.243240562,17.97021896,0,0,14.43707017,8.19363334,40.72583576,-5.668173196,49.87133318,23.15891787,96.2363996,-0.9194981274
2.5,9.956282447e-07,-53.08694786,0,-51.28927857,41.17339523,-0.8672188696,17.99228578,0,0,14.43707017,8.19363334,40.31516776,-6.42050152,50.34467325,22.11106559,95.94570506,-3.384726178
3,9.35285648e-07,-53.08694786,0,-50.93004592,41.15614005,-0.4935716288,18.00641005,0,0,14.43707017,8.19363334,39.89045562,-7.148271304,50.79277945,21.06131283,95.58804582,-5.824996141
3.5,8.817864625e-07,-53.08694786,0,-50.57097754,41.13575067,-0.1222394352,18.01275861,0,0,14.43707017,8.19363334,39.45287697,-7.851873082,51.21619228,20.00967236,95.16483697,-8.23932989
4,8.340504714e-07,-53.08694786,0,-50.21210075,41.11222865,0.2468276058,18.0114822,0,0,14.43707017,8.19363334,39.00355391,-8.531698932,51.61539586,18.95616646,94.67745629,-10.62674159
4.5,7.911944948e-07,-53.08694786,0,-49.85344289,41.08557576,0.6136708734,18.00271709,0,0,14.43707017,8.19363334,38.54355631,-9.188144087,51.99082386,17.90082593,94.12725042,-12.98624343
5,7.52492177e-07,-53.08694786,0,-49.49503128,41.05579405,0.9783240827,17.98658657,0,0,14.43707017,8.19363334,38.07390445,-9.821608078,52.34286452,16.84368921,93.51553971,-15.3168505
5.5,7.173428713e-07,-53.08694786,0,-49.13689321,41.02288579,1.340814014,17.96320216,0,0,14.43707017,8.19363334,37.59557144,-10.43249549,52.67186503,15.78480171,92.84362207,-17.61758493
6,6.85247592e-07,-53.08694786,0,-48.77905595,40.98685347,1.701161138,17.93266474,0,0,14.43707017,8.19363334,37.10948521,-11.0212164,52.97813528,14.72421516,92.11277592,-19.88747937
6.5,6.557900072e-07,-53.08694786,0,-48.42154675,40.94769985,2.05938016,17.89506544,0,0,14.43707017,8.19363334,36.61653037,-11.58818654,53.26195111,13.66198711,91.32426245,-22.12557989
7,6.28621482e-07,-53.08694786,0,-48.06439284,40.9054279,2.415480485,17.85048648,0,0,14.43707017,8.19363334,36.11754981,-12.13382724,53.5235572,12.5981805,90.47932723,-24.33094834
7.5,6.034492053e-07,-53.08694786,0,-47.70762141,40.86004084,2.76946662,17.79900189,0,0,14.43707017,8.19363334,35.61334614,-12.65856524,53.76316946,11.53286329,89.57920137,-26.50266423
8,5.80026537e-07,-53.08694786,0,-47.35125964,40.81154213,3.121338525,17.74067809,0,0,14.43707017,8.19363334,35.10468315,-13.16283223,53.98097727,10.4661081,88.6251023,-28.63982619
8.5,5.581453557e-07,-53.08694786,0,-46.99533467,40.75993546,3.471091915,17.67557451,0,0,14.43707017,8.19363334,34.59228702,-13.64706447,54.17714529,9.397991988,87.61823415,-30.74155299
9,5.37629731e-07,-53.08694786,0,-46.6398736,40.70522477,3.818718515,17.60374398,0,0,14.43707017,8.19363334,34.07684756,-14.11170211,54.35181514,8.328596232,86.55978795,-32.80698426
9.5,5.183308041e-07,-53.08694786,0,-46.28490349,40.64741422,4.164206289,17.52523321,0,0,14.43707017,8.19363334,33.55901943,-14.55718865,54.50510683,7.25800612,85.45094157,-34.83528084
10,5.001225567e-07,-53.08694786,0,-45.93045139,40.58650821,4.507539629,17.44008313,0,0,14.43707017,8.19363334,33.03942326,-14.98397014,54.63712,6.186310819,84.2928595,-36.82562485
10.5,4.828982831e-07,-53.08694786,0,-45.57654429,40.52251138,4.848699515,17.3483292,0,0,14.43707017,8.19363334,32.5186468,-15.39249455,54.74793498,5.113603262,83.08669254,-38.77721941
11,4.665677515e-07,-53.08694786,0,-45.22320913,40.4554286,5.187663653,17.2500017,0,0,14.43707017,8.19363334,31.99724606,-15.78321099,54.83761377,4.039980054,81.83357742,-40.68928823
11.5,4.510546958e-07,-53.08694786,0,-44.87047282,40.38526499,5.524406588,17.14512598,0,0,14.43707017,8.19363334,31.47574639,-16.15656898,54.90620081,2.965541418,80.53463626,-42.56107487
12,4.362948616e-07,-53.08694786,0,-44.51836223,40.31202588,5.858899791,17.03372261,0,0,14.43707017,8.19363334,30.95464363,-16.51301772,54.95372366,1.890391159,79.19097616,-44.39184178
12.5,4.222342476e-07,-53.08694786,0,-44.16690417,40.23571686,6.191111735,16.91580765,0,0,14.43707017,8.19363334,30.43440524,-16.85300534,54.98019361,0.8146366484,77.80368863,-46.1808692
13,4.088277272e-07,-53.08694786,0,-43.81612541,40.15634373,6.521007945,16.79139268,0,0,14.43707017,8.19363334,29.9154714,-17.17697827,54.98560614,-0.261611159,76.37384911,-47.92745383
13.5,3.960378265e-07,-53.08694786,0,-43.46605265,40.07391254,6.848551032,16.66048503,0,0,14.43707017,8.19363334,29.39825614,-17.48538049,54.96994126,-1.338237698,74.90251652,-49.63090731
14,3.838337079e-07,-53.08694786,0,-43.11671257,39.98842956,7.173700713,16.52308781,0,0,14.43707017,8.19363334,28.88314853,-17.77865298,54.93316389,-2.415124737,73.39073278,-51.29055462
14.5,3.721903852e-07,-53.08694786,0,-42.76813176,39.89990131,7.496413814,16.3792,0,0,14.43707017,8.19363334,28.37051375,-18.05723304,54.875224,-3.492150305,71.83952242,-52.90573219
15,3.610879773e-07,-53.08694786,0,-42.42033676,39.80833453,7.816644254,16.22881651,0,0,14.43707017,8.19363334,27.86069431,-18.32155382,54.79605678,-4.569188596,70.24989227,-54.475786
15.5,3.50511197e-07,-53.08694786,0,-42.07335407,39.71373619,8.13434302,16.07192821,0,0,14.43707017,8.19363334,27.35401117,-18.57204374,54.6955827,-5.646109852,68.62283112,-56.00006945
16,3.404488957e-07,-53.08694786,0,-41.7272101,39.6161135,8.449458119,15.90852194,0,0,14.43707017,8.19363334,26.85076493,-18.80912608,54.5737075,-6.722780222,66.95930956,-57.47794112
16.5,3.308937302e-07,-53.08694786,0,-41.38193123,39.51547388,8.761934525,15.7385805,0,0,14.43707017,8.19363334,26.351237,-19.03321852,54.43032209,-7.799061607,65.2602798,-58.90876238
17,3.218419167e-07,-53.08694786,0,-41.03754373,39.41182501,9.071714098,15.56208264,0,0,14.43707017,8.19363334,25.85569079,-19.24473279,54.26530242,-8.874811466,63.5266756,-60.29189486
17.5,3.132931212e-07,-53.08694786,0,-40.69407385,39.30517478,9.378735497,15.37900301,0,0,14.43707017,8.19363334,25.36437292,-19.44407436,54.07850924,-9.949882615,61.75941231,-61.62669779
18,3.052504027e-07,-53.08694786,0,-40.35154773,39.1955313,9.682934072,15.18931206,0,0,14.43707017,8.19363334,24.87751443,-19.63164214,53.86978781,-11.02412298,59.9593869,-62.91252517
18.5,2.977202911e-07,-53.08694786,0,-40.00999146,39.08290294,9.984241737,14.99297602,0,0,14.43707017,8.19363334,24.39533201,-19.80782827,53.63896752,-12.09737534,58.1274782,-64.1487228
19,2.907129328e-07,-53.08694786,0,-39.66943105,38.96729825,10.28258683,14.78995677,0,0,14.43707017,8.19363334,23.91802927,-19.97301796,53.38586145,-13.16947702,56.2645471,-65.33462507
19.5,2.842423932e-07,-53.08694786,0,-39.32989244,38.84872606,10.57789395,14.58021169,0,0,14.43707017,8.19363334,23.44579799,-20.12758933,53.11026582,-14.24025958,54.37143695,-66.46955165
20,2.783271036e-07,-53.08694786,0,-38.99140148,38.72719539,10.87008376,14.36369355,0,0,14.43707017,8.19363334,22.97881948,-20.27191336,52.81195941,-15.30954842,52.44897397,-67.55280393
20.5,2.729904018e-07,-53.08694786,0,-38.65398395,38.60271549,11.1590728,14.14035033,0,0,14.43707017,8.19363334,22.5172659,-20.40635384,52.49070282,-16.37716239,50.49796783,-68.58366117
21,2.682613243e-07,-53.08694786,0,-38.31766555,38.47529585,11.44477326,13.91012504,0,0,14.43707017,8.19363334,22.06130169,-20.53126742,52.14623769,-17.44291335,48.51921226,-69.56137645
21.5,2.641756325e-07,-53.08694786,0,-37.98247188,38.34494616,11.72709267,13.67295547,0,0,14.43707017,8.19363334,21.61108502,-20.64700362,51.7782858,-18.50660565,46.51348586,-70.48517232
22,2.607770959e-07,-53.08694786,0,-37.64842848,38.21167636,12.00593368,13.42877397,0,0,14.43707017,8.19363334,21.16676939,-20.75390503,51.38654803,-19.56803557,44.48155297,-71.35423603
22.5,2.581191971e-07,-53.08694786,0,-37.31556078,38.07549659,12.28119371,13.17750717,0,0,14.43707017,8.19363334,20.72850522,-20.85230741,50.97070324,-20.62699075,42.42416465,-72.16771442
23,2.961446555e-07,-53.08694786,0,-36.98389414,37.93641722,12.55276456,12.91907567,0,0,14.43707017,8.19363334,20.29644167,-20.94253996,50.53040699,-21.68324945,40.34205994,-72.92470832
23.5,3.434738005e-07,-53.08694786,0,-36.6534538,37.79444885,12.82053208,12.65339368,0,0,14.43707017,8.19363334,19.87072851,-21.02492559,50.06529012,-22.73657987,38.23596709,-73.62426642
24,3.979706378e-07,-53.08694786,0,-36.32426494,37.64960228,13.08437566,12.38036866,0,0,14.43707017,8.19363334,19.45151829,-21.09978126,49.57495717,-23.78673922,36.10660515,-74.26537852
24.5,4.608227542e-07,-53.08694786,0,-35.99635262,37.50188855,13.3441678,12.09990085,0,0,14.43707017,8.19363334,19.0389686,-21.16741841,49.05898458,-24.83347287,33.95468567,-74.84696798
25,5.334572606e-07,-53.08694786,0,-35.66974182,37.35131891,13.5997735,11.81188283,0,0,14.43707017,8.19363334,18.63324471,-21.22814343,48.51691876,-25.87651328,31.78091468,-75.36788336
25.5,6.175996532e-07,-53.08694786,0,-35.3444574,37.19790482,13.85104969,11.51619893,0,0,14.43707017,8.19363334,18.2345225,-21.28225825,47.94827385,-26.91557882,29.58599497,-75.82688904
26,7.15349266e-07,-53.08694786,0,-35.02052415,37.04165797,14.09784454,11.2127247,0,0,14.43707017,8.19363334,17.84299185,-21.330061,47.35252927,-27.9503725,27.37062865,-76.22265451
26.5,8.292779938e-07,-53.08694786,0,-34.69796672,36.88259025,14.33999666,10.90132615,0,0,14.43707017,8.19363334,17.45886053,-21.37184675,46.72912698,-28.98058052,25.13552021,-76.55374229
27,9.625599233e-07,-53.08694786,0,-34.37680968,36.72071377,14.57733429,10.58185908,0,0,14.43707017,8.19363334,17.08235877,-21.40790849,46.07746834,-30.0058706,22.88137996,-76.81859398
27.5,1.119143469e-06,-53.08694786,0,-34.0570775,36.55604088,14.80967428,10.25416816,0,0,14.43707017,8.19363334,16.71374462,-21.43853811,45.39691071,-31.02589018,20.60892813,-77.01551425
28,1.303982813e-06,-53.08694786,0,-33.73879451,36.3885841,15.03682103,9.918086046,0,0,14.43707017,8.19363334,16.35331045,-21.46402765,44.68676348,-32.04026433,18.31889961,-77.14265201
28.5,1.523352502e-06,-53.08694786,0,-33.42198496,36.21835619,15.25856524,9.573432246,0,0,14.43707017,8.19363334,16.0013907,-21.48467077,43.94628369,-33.04859337,16.01204965,-77.19797854
29,1.78528105e-06,-53.08694786,0,-33.10667297,36.04537011,15.47468251,9.220011943,0,0,14.43707017,8.19363334,15.65837141,-21.50076442,43.17467101,-34.05045026,13.68916057,-77.17926129
29.5,2.100157182e-06,-53.08694786,0,-32.79288256,35.86963903,15.68493173,8.857614601,0,0,14.43707017,8.19363334,15.32470196,-21.5126109,42.37106211,-35.04537748,11.35104989,-77.08403278
30,2.481591231e-06,-53.08694786,0,-32.48063762,35.69117635,15.88905328,8.486012399,0,0,14.43707017,8.19363334,15.00090976,-21.52052027,41.53452415,-36.03288358,8.99858017,-76.90955277
30.5,2.947660313e-06,-53.08694786,0,-32.16996193,35.50999564,16.08676693,8.104958437,0,0,14.43707017,8.19363334,14.68761884,-21.52481326,40.66404739,-37.01243919,6.632671064,-76.65276217
31,3.522744436e-06,-53.08694786,0,-31.86087915,35.32611071,16.27776943,7.714184676,0,0,14.43707017,8.19363334,14.38557367,-21.52582485,39.75853672,-37.98347236,4.25431427,-76.31022575
31.5,4.240292576e-06,-53.08694786,0,-31.55341282,35.13953556,16.46173171,7.31339957,0,0,14.43707017,8.19363334,14.09567008,-21.5239086,38.81680185,-38.94536328,1.864592254,-75.87806036
32,5.147093347e-06,-53.08694786,0,-31.24758635,34.9502844,16.63829568,6.902285315,0,0,14.43707017,8.19363334,13.8189962,-21.51944198,37.83754593,-39.897438,-0.5352979706,-75.35184317
32.5,6.310051518e-06,-53.08694786,0,-30.94342303,34.75837164,16.80707044,6.480494658,0,0,14.43707017,8.19363334,13.55688729,-21.5128331,36.81935236,-40.83896116,-2.944014207,-74.72649261
33,7.827283063e-06,-53.08694786,0,-30.64094603,34.56381189,16.96762782,6.047647148,0,0,14.43707017,8.19363334,13.3110009,-21.5045291,35.76066925,-41.76912749,-5.360028954,-73.99611054
33.5,9.846944089e-06,-53.08694786,0,-30.34017838,34.36661998,17.1194972,5.60332474,0,0,14.43707017,8.19363334,13.08342196,-21.4950268,34.65979114,-42.68705164,-7.781575864,-73.15376826
34,5.719869023e-12,-53.08694786,0,-30.04114293,34.16681088,17.26215868,5.147066205,0,0,14.43707017,8.19363334,12.87682249,-21.48488483,33.51483555,-43.5917552,-10.2065765,-72.19118915
34.5,9.226397424e-12,-53.08694786,0,-29.74386255,33.96439988,17.39503778,4.67836226,0,0,14.43707017,8.19363334,12.69465268,-21.47474705,32.32372393,-44.48215591,-12.63253877,-71.0983904
35,1.605471311e-11,-53.08694786,0,-29.44835984,33.75940235,17.51749337,4.196646132,0,0,14.43707017,8.19363334,12.54152585,-21.4653573,31.08414059,-45.35704496,-15.05640884,-69.86294615
35.5,3.318234576e-11,-53.08694786,0,-29.15465731,33.55183392,17.62880872,3.701285687,0,0,14.43707017,8.19363334,12.42373602,-21.45759428,29.79350116,-46.2150691,-17.47435049,-68.46905064
36,8.179767974e-11,-53.08694786,0,-28.8627773,33.34171039,17.7281776,3.191571998,0,0,14.43707017,8.19363334,12.35018161,-21.45250823,28.44890466,-47.05470377,-19.88139809,-66.89585622
36.5,2.428208745e-10,-53.08694786,0,-28.57274207,33.12904775,17.8146876,2.66670555,0,0,14.43707017,8.19363334,12.33401871,-21.45136604,27.04707599,-47.87422065,-22.2708768,-65.11455205
37,9.227605346e-10,-53.08694786,0,-28.28457368,32.91386221,17.8872993,2.125778992,0,0,14.43707017,8.19363334,12.39592304,-21.45569266,25.58429399,-48.67164702,-24.63335051,-63.08267317
37.5,5.008566006e-09,-53.08694786,0,-27.99829409,32.69617016,17.94481976,1.567755273,0,0,14.43707017,8.19363334,12.57140157,-21.46725159,24.05630017,-49.44471403,-26.95447228,-60.73145797
38,4.880760685e-08,-53.08694786,0,-27.7139251,32.47598816,17.98586835,0.9914395468,0,0,14.43707017,8.19363334,12.93073659,-21.48767011,22.45818137,-50.19079012,-29.2097024,-57.93154495
38.5,1.578829924e-06,-53.08694786,0,-27.43148838,32.253333,18.00883223,0.395442533,0,0,14.43707017,8.19363334,13.65676891,-21.51562441,20.78421669,-50.90679384,-31.34609091,-54.35942733
39,9.999576669e-06,-53.08694786,0,-27.1510054,32.02822161,18.01180689,-0.2218684431,0,0,14.43707017,8.19363334,16.37376958,-21.46270389,19.02767298,-51.58907814,-33.0330343,-47.21035331
